Type;Has FB;Backed Projects;Previous Projects;Creator Desc Len;Title Len;Goal;Duration;Pledge Levels;Min Pledge Tiers;Max Pledge Tiers;Proj Desc Len;Images;Videos;Has Video;Funded
Apps Art Crafts Design Gadgets Software Video;0 1;continuous;continuous;continuous;continuous;continuous;continuous;continuous;continuous;continuous;continuous;continuous;continuous;continuous;no yes
;;;;;;;;;;;;;;;class
Art;1;11.0;2.0;125.0;57.0;2829.59;53.0;7.0;1.14;171.0;2001.0;2.0;1.0;1.0;no
Art;1;0.0;0.0;111.0;27.0;28295.87;51.0;3.0;1.14;46.0;2508.0;0.0;0.0;0.0;no
Art;0;4.0;0.0;294.0;52.0;766.25;30.0;8.0;1.51;755.0;2325.0;1.0;1.0;1.0;no
Art;0;0.0;0.0;179.0;41.0;1439.1;24.0;5.0;7.0;141.0;3736.0;13.0;1.0;1.0;no
Art;0;0.0;0.0;51.0;41.0;1000.0;30.0;2.0;5.0;20.0;636.0;0.0;0.0;0.0;no
Art;0;0.0;0.0;162.0;30.0;800.0;28.0;1.0;10.0;10.0;1199.0;0.0;0.0;0.0;no
Art;1;2.0;0.0;110.0;55.0;2000.0;50.0;9.0;5.0;500.0;2384.0;11.0;0.0;0.0;no
Art;1;1.0;0.0;12.0;58.0;1000.0;30.0;3.0;1.0;30.0;1603.0;1.0;1.0;1.0;no
Art;1;4.0;0.0;285.0;19.0;1079.32;30.0;16.0;7.0;157.0;2397.0;9.0;1.0;1.0;yes
Art;1;12.0;8.0;55.0;49.0;10000.0;30.0;19.0;5.0;8000.0;1307.0;13.0;1.0;1.0;yes
Art;0;0.0;0.0;637.0;6.0;792.28;45.0;5.0;6.0;113.0;3300.0;23.0;0.0;0.0;yes
Art;1;0.0;0.0;317.0;52.0;996.12;21.0;4.0;0.77;77.0;2677.0;6.0;1.0;1.0;yes
Art;0;0.0;0.0;204.0;45.0;2000.0;30.0;14.0;10.0;10000.0;864.0;10.0;0.0;0.0;yes
Art;1;0.0;0.0;337.0;10.0;600.0;45.0;6.0;5.0;100.0;1449.0;3.0;0.0;0.0;yes
Art;1;143.0;18.0;221.0;55.0;1000.0;25.0;3.0;20.0;500.0;3158.0;3.0;1.0;1.0;yes
Art;1;13.0;9.0;176.0;29.0;863.46;20.0;8.0;4.0;56.0;2141.0;9.0;1.0;1.0;yes
Art;0;0.0;0.0;161.0;14.0;14000.0;30.0;7.0;10.0;250.0;10067.0;15.0;1.0;1.0;yes
Art;1;3.0;0.0;514.0;17.0;3000.0;21.0;5.0;10.0;300.0;4495.0;10.0;1.0;1.0;yes
Art;1;0.0;0.0;26.0;21.0;1439.1;58.0;7.0;7.0;140.0;1935.0;2.0;0.0;0.0;yes
Art;1;104.0;4.0;498.0;17.0;20000.0;29.0;14.0;1.0;250.0;17050.0;51.0;1.0;1.0;yes
Art;1;0.0;2.0;272.0;30.0;500.0;30.0;8.0;1.0;100.0;2797.0;7.0;1.0;1.0;yes
Art;1;0.0;0.0;518.0;17.0;6791.01;60.0;9.0;6.0;334.0;3467.0;0.0;1.0;1.0;yes
Art;1;0.0;0.0;188.0;64.0;143.91;30.0;9.0;4.0;116.0;1993.0;5.0;1.0;1.0;yes
Art;1;2.0;0.0;511.0;57.0;5244.0;36.0;12.0;12.0;1000.0;5865.0;24.0;1.0;1.0;yes
Art;1;4.0;0.0;380.0;39.0;4037.37;45.0;14.0;4.0;223.0;3174.0;9.0;1.0;1.0;yes
Art;1;0.0;2.0;498.0;58.0;100.0;30.0;6.0;1.0;43.0;1182.0;6.0;1.0;1.0;yes
Art;1;2.0;0.0;329.0;47.0;4000.0;29.0;7.0;2.0;200.0;5287.0;20.0;2.0;1.0;yes
Art;0;10.0;0.0;210.0;30.0;20373.03;34.0;9.0;1.1;658.0;11222.0;24.0;1.0;1.0;yes
Art;1;21.0;24.0;120.0;47.0;250.0;14.0;9.0;2.0;35.0;854.0;2.0;0.0;0.0;yes
Art;0;42.0;9.0;49.0;41.0;200.0;15.0;7.0;2.0;30.0;2210.0;5.0;0.0;0.0;yes
Art;0;14.0;0.0;255.0;16.0;14000.0;30.0;42.0;1.0;4000.0;6708.0;15.0;1.0;1.0;yes
Art;1;18.0;2.0;577.0;45.0;2298.75;25.0;16.0;4.0;756.0;1669.0;26.0;0.0;0.0;yes
Art;1;6.0;0.0;524.0;30.0;600.0;30.0;8.0;1.0;550.0;1467.0;3.0;1.0;1.0;yes
Art;0;1.0;2.0;457.0;60.0;1131.84;30.0;13.0;1.1;165.0;3833.0;15.0;1.0;1.0;yes
Art;1;29.0;6.0;96.0;33.0;400.0;35.0;12.0;2.0;35.0;1288.0;2.0;0.0;0.0;yes
Art;1;0.0;0.0;499.0;18.0;503.68;30.0;3.0;21.0;70.0;1623.0;14.0;1.0;1.0;yes
Art;0;13.0;0.0;505.0;55.0;1128.0;32.0;8.0;1.0;100.0;5981.0;2.0;1.0;1.0;yes
Art;1;13.0;0.0;498.0;62.0;950.0;30.0;12.0;1.0;360.0;2518.0;0.0;1.0;1.0;yes
Art;1;0.0;0.0;215.0;55.0;2500.0;30.0;1.0;15.0;15.0;1119.0;0.0;0.0;0.0;no
Art;0;0.0;0.0;628.0;47.0;3395.5;60.0;4.0;5.0;54.0;4172.0;0.0;0.0;0.0;no
Art;0;0.0;0.0;503.0;38.0;1200.0;15.0;2.0;5.0;20.0;1422.0;0.0;0.0;0.0;no
Art;0;0.0;2.0;514.0;57.0;3597.74;21.0;4.0;4.0;141.0;3926.0;6.0;0.0;0.0;no
Art;1;0.0;0.0;513.0;49.0;20000.0;30.0;6.0;5.0;1500.0;3755.0;10.0;1.0;1.0;no
Art;0;0.0;0.0;523.0;52.0;14390.95;30.0;1.0;36.0;36.0;2887.0;0.0;0.0;0.0;no
Art;1;6.0;0.0;503.0;30.0;4000.0;32.0;10.0;5.0;2000.0;5799.0;5.0;1.0;1.0;no
Art;0;0.0;0.0;265.0;16.0;9578.12;30.0;2.0;15.0;385.0;2250.0;0.0;0.0;0.0;no
Art;1;13.0;0.0;506.0;32.0;65000.0;34.0;12.0;1.0;10000.0;7550.0;21.0;1.0;1.0;no
Art;0;0.0;0.0;125.0;29.0;2000.0;13.0;1.0;10.0;10.0;643.0;0.0;0.0;0.0;no
Art;1;0.0;0.0;378.0;32.0;2158.64;30.0;5.0;7.0;71.0;2031.0;13.0;0.0;0.0;no
Art;1;16.0;2.0;501.0;47.0;500.0;30.0;9.0;1.0;150.0;3524.0;3.0;0.0;0.0;no
Art;0;0.0;0.0;308.0;57.0;3000.0;30.0;1.0;1.0;1.0;1412.0;11.0;0.0;0.0;no
Art;0;0.0;0.0;506.0;30.0;800.0;18.0;4.0;2.0;50.0;623.0;0.0;0.0;0.0;no
Art;0;2.0;0.0;332.0;50.0;3500.0;30.0;6.0;20.0;200.0;2870.0;6.0;4.0;1.0;no
Art;0;0.0;0.0;505.0;20.0;20000.0;60.0;6.0;20.0;1200.0;1815.0;0.0;1.0;1.0;no
Art;0;4.0;3.0;522.0;59.0;3831.25;30.0;3.0;1.51;95.0;1180.0;7.0;0.0;0.0;no
Art;0;1.0;0.0;470.0;29.0;1000.0;30.0;6.0;1.0;55.0;1968.0;1.0;1.0;1.0;no
Art;0;0.0;0.0;187.0;29.0;5000.0;30.0;6.0;5.0;1000.0;767.0;0.0;0.0;0.0;no
Art;0;0.0;0.0;84.0;18.0;339.55;30.0;1.0;11.0;11.0;642.0;0.0;0.0;0.0;no
Art;0;0.0;0.0;0.0;49.0;16977.52;45.0;4.0;110.0;441.0;10887.0;18.0;1.0;1.0;no
Art;0;0.0;2.0;19.0;42.0;153.25;30.0;6.0;4.0;41.0;716.0;12.0;0.0;0.0;no
Art;0;1.0;0.0;523.0;28.0;4597.5;30.0;5.0;1.48;15.0;3820.0;9.0;0.0;0.0;no
Art;1;0.0;0.0;186.0;58.0;4000.0;30.0;8.0;10.0;1000.0;5678.0;7.0;0.0;0.0;no
Art;0;0.0;0.0;473.0;53.0;766.25;30.0;3.0;19.0;154.0;2175.0;12.0;1.0;1.0;no
Art;0;0.0;0.0;217.0;32.0;4317.28;30.0;11.0;7.0;14.0;1038.0;6.0;0.0;0.0;no
Art;0;1.0;5.0;191.0;35.0;15000.0;29.0;6.0;5.0;500.0;755.0;0.0;1.0;1.0;no
Art;1;13.0;9.0;176.0;40.0;1726.91;30.0;11.0;2.88;115.0;1934.0;8.0;1.0;1.0;no
Art;1;2.0;4.0;590.0;51.0;400.0;31.0;9.0;15.0;100.0;478.0;4.0;0.0;0.0;yes
Art;0;1.0;2.0;257.0;32.0;3400.0;60.0;8.0;1.0;50.0;1506.0;6.0;0.0;0.0;no
Art;1;79.0;0.0;503.0;25.0;15325.0;30.0;12.0;8.0;1022.0;5435.0;21.0;1.0;1.0;yes
Art;1;1.0;0.0;344.0;37.0;1439.1;30.0;3.0;14.0;356.0;2240.0;5.0;0.0;0.0;yes
Art;1;7.0;4.0;206.0;52.0;15000.0;16.0;11.0;10.0;1000.0;6434.0;6.0;1.0;1.0;yes
Art;1;0.0;0.0;9.0;38.0;1439.1;30.0;7.0;7.0;143.0;1752.0;28.0;0.0;0.0;yes
Art;1;40.0;0.0;316.0;53.0;375.0;29.0;9.0;1.0;375.0;7367.0;13.0;1.0;1.0;yes
Art;0;0.0;0.0;282.0;25.0;18000.0;30.0;12.0;2.0;5000.0;1652.0;13.0;1.0;1.0;yes
Art;0;0.0;0.0;230.0;48.0;300.0;30.0;7.0;5.0;60.0;550.0;3.0;0.0;0.0;yes
Art;0;3.0;2.0;493.0;26.0;100.0;30.0;11.0;1.0;100.0;4175.0;6.0;1.0;1.0;yes
Art;0;0.0;0.0;215.0;26.0;1000.0;15.0;3.0;30.0;100.0;1811.0;1.0;0.0;0.0;no
Art;1;0.0;0.0;366.0;22.0;3831.25;30.0;1.0;38.0;38.0;844.0;0.0;0.0;0.0;no
Art;0;0.0;0.0;223.0;16.0;15000.0;60.0;7.0;5.0;1000.0;1497.0;0.0;0.0;0.0;no
Art;0;0.0;0.0;507.0;18.0;4000.0;30.0;3.0;10.0;100.0;2099.0;0.0;0.0;0.0;no
Art;0;0.0;0.0;361.0;40.0;1200.0;45.0;1.0;150.0;150.0;765.0;0.0;0.0;0.0;no
Art;1;0.0;0.0;500.0;55.0;4120.0;30.0;7.0;1.0;400.0;1289.0;0.0;1.0;1.0;no
Art;1;0.0;2.0;150.0;16.0;5000.0;30.0;8.0;75.0;5000.0;1095.0;0.0;0.0;0.0;no
Art;0;1.0;0.0;499.0;56.0;1000.0;30.0;4.0;1.0;100.0;1377.0;2.0;1.0;1.0;no
Art;1;1.0;0.0;502.0;47.0;3300.0;30.0;2.0;60.0;100.0;1119.0;0.0;0.0;0.0;no
Art;0;0.0;0.0;360.0;58.0;25000.0;45.0;5.0;25.0;1000.0;2609.0;4.0;1.0;1.0;no
Art;1;2.0;0.0;495.0;25.0;3000.0;30.0;1.0;1.0;1.0;1686.0;0.0;0.0;0.0;no
Art;0;0.0;0.0;336.0;19.0;3831.25;60.0;2.0;18.0;108.0;1128.0;0.0;0.0;0.0;no
Art;1;0.0;0.0;366.0;41.0;500.0;30.0;4.0;10.0;300.0;2244.0;0.0;0.0;0.0;no
Art;0;0.0;0.0;500.0;52.0;10793.21;30.0;5.0;7.0;213.0;904.0;0.0;1.0;1.0;no
Art;0;0.0;0.0;600.0;17.0;22636.7;30.0;3.0;99.0;303.0;2190.0;4.0;1.0;1.0;no
Art;1;0.0;0.0;232.0;33.0;600.0;30.0;1.0;25.0;25.0;1535.0;0.0;0.0;0.0;no
Art;0;1.0;0.0;486.0;17.0;2145.5;40.0;2.0;15.0;73.0;1149.0;0.0;0.0;0.0;no
Art;1;0.0;0.0;283.0;59.0;45975.0;60.0;7.0;0.72;539.0;832.0;0.0;1.0;1.0;no
Art;1;0.0;0.0;453.0;58.0;4000.0;21.0;4.0;20.0;1200.0;849.0;3.0;1.0;1.0;no
Art;1;0.0;0.0;6.0;56.0;452.73;20.0;6.0;1.12;89.0;1521.0;6.0;0.0;0.0;no
Art;1;0.0;0.0;505.0;62.0;2500.0;60.0;5.0;25.0;500.0;5360.0;0.0;0.0;0.0;no
Art;1;2.0;0.0;499.0;58.0;8000.0;30.0;9.0;1.0;500.0;2915.0;6.0;0.0;0.0;no
Art;1;0.0;0.0;71.0;50.0;3850.0;30.0;6.0;5.0;250.0;4459.0;3.0;0.0;0.0;no
Art;0;0.0;0.0;187.0;36.0;766.25;60.0;1.0;15.0;15.0;253.0;0.0;0.0;0.0;no
Art;1;1.0;0.0;496.0;59.0;3000.0;30.0;2.0;20.0;100.0;3270.0;18.0;1.0;1.0;no
Art;1;0.0;0.0;520.0;43.0;11884.27;20.0;4.0;282.0;7898.0;1451.0;10.0;0.0;0.0;no
Art;0;0.0;0.0;349.0;55.0;6000.0;60.0;8.0;1.0;200.0;4294.0;10.0;1.0;1.0;no
Art;1;0.0;0.0;626.0;58.0;14238.48;30.0;2.0;34.0;710.0;2728.0;5.0;1.0;1.0;no
Art;1;0.0;2.0;499.0;52.0;1500.0;15.0;6.0;25.0;500.0;2486.0;0.0;1.0;1.0;no
Art;1;10.0;8.0;156.0;48.0;3000.0;30.0;7.0;5.0;500.0;2409.0;17.0;1.0;1.0;no
Art;0;1.0;0.0;390.0;13.0;719.55;20.0;4.0;14.0;141.0;1535.0;0.0;0.0;0.0;yes
Art;1;8.0;2.0;505.0;18.0;20000.0;30.0;3.0;10.0;125.0;7296.0;10.0;1.0;1.0;yes
Art;0;0.0;0.0;661.0;40.0;76.62;25.0;4.0;4.0;38.0;594.0;0.0;1.0;1.0;yes
Art;1;0.0;0.0;494.0;40.0;3000.0;30.0;3.0;10.0;50.0;1415.0;0.0;1.0;1.0;yes
Art;1;26.0;0.0;295.0;59.0;5000.0;24.0;8.0;5.0;750.0;5768.0;0.0;1.0;1.0;yes
Art;0;0.0;0.0;606.0;68.0;2298.75;30.0;7.0;4.0;375.0;7579.0;10.0;1.0;1.0;yes
Art;0;3.0;0.0;551.0;60.0;100000.0;34.0;24.0;1.0;10000.0;5632.0;1.0;1.0;1.0;yes
Art;1;1.0;0.0;175.0;63.0;4000.0;30.0;2.0;1.0;20.0;8649.0;0.0;1.0;1.0;yes
Art;0;0.0;2.0;0.0;26.0;13383.58;14.0;3.0;26.0;51.0;908.0;0.0;0.0;0.0;no
Art;1;0.0;0.0;496.0;26.0;35000.0;29.0;5.0;25.0;250.0;3392.0;6.0;0.0;0.0;no
Art;1;0.0;2.0;626.0;41.0;50342.62;43.0;9.0;0.75;522.0;6052.0;0.0;1.0;1.0;no
Art;1;1.0;2.0;508.0;30.0;100000.0;30.0;10.0;1.0;10000.0;4485.0;4.0;0.0;0.0;no
Art;1;0.0;0.0;94.0;22.0;1500.0;45.0;1.0;1.0;1.0;1180.0;0.0;0.0;0.0;no
Art;0;0.0;0.0;497.0;16.0;275000.0;60.0;1.0;100.0;100.0;2655.0;0.0;0.0;0.0;no
Art;1;0.0;0.0;347.0;49.0;2000.0;23.0;1.0;25.0;25.0;887.0;0.0;0.0;0.0;no
Art;0;0.0;0.0;145.0;38.0;100.0;30.0;7.0;5.0;5000.0;1878.0;0.0;0.0;0.0;no
Art;1;0.0;3.0;506.0;57.0;15000.0;26.0;8.0;10.0;1000.0;3389.0;0.0;1.0;1.0;no
Art;1;0.0;0.0;109.0;31.0;5000.0;30.0;3.0;10.0;25.0;1318.0;0.0;0.0;0.0;no
Art;1;0.0;0.0;500.0;31.0;15000.0;30.0;3.0;50.0;300.0;3260.0;0.0;0.0;0.0;no
Art;0;0.0;0.0;231.0;38.0;1697.75;60.0;1.0;167.0;167.0;1728.0;1.0;0.0;0.0;no
Art;0;1.0;0.0;679.0;37.0;175.0;30.0;32.0;1.0;175.0;4398.0;0.0;0.0;0.0;yes
Art;1;8.0;0.0;538.0;17.0;5900.0;25.0;8.0;10.0;1000.0;6971.0;9.0;1.0;1.0;yes
Art;1;2.0;0.0;509.0;13.0;2350.0;31.0;6.0;5.0;9750.0;1201.0;0.0;1.0;1.0;yes
Art;1;0.0;0.0;619.0;58.0;20512.25;26.0;26.0;1.14;6840.0;11496.0;19.0;1.0;1.0;no
Art;0;0.0;0.0;497.0;19.0;10000.0;60.0;3.0;20.0;200.0;1124.0;0.0;0.0;0.0;no
Art;0;0.0;0.0;522.0;62.0;7356.93;62.0;4.0;28.0;2226.0;4152.0;11.0;1.0;1.0;no
Art;1;0.0;0.0;519.0;29.0;15000.0;30.0;10.0;10.0;9994.0;2049.0;3.0;1.0;1.0;no
Art;1;3.0;0.0;339.0;68.0;15000.0;21.0;2.0;50.0;100.0;1319.0;1.0;1.0;1.0;no
Art;0;0.0;2.0;171.0;48.0;1149.38;30.0;1.0;7.0;7.0;821.0;0.0;0.0;0.0;no
Art;1;0.0;2.0;514.0;24.0;7000.0;25.0;1.0;100.0;100.0;1474.0;2.0;0.0;0.0;no
Art;0;0.0;0.0;212.0;36.0;1000.0;60.0;1.0;20.0;20.0;1119.0;0.0;0.0;0.0;no
Art;0;1.0;0.0;490.0;55.0;55000.0;60.0;13.0;50.0;10000.0;3575.0;20.0;0.0;0.0;no
Crafts;1;1.0;0.0;494.0;21.0;1000.0;30.0;6.0;10.0;150.0;3617.0;7.0;1.0;1.0;yes
Crafts;1;7.0;23.0;513.0;59.0;250.0;9.0;89.0;1.0;350.0;13297.0;95.0;0.0;0.0;yes
Crafts;1;0.0;0.0;453.0;33.0;767.0;30.0;6.0;1.0;100.0;1197.0;0.0;0.0;0.0;yes
Crafts;1;0.0;0.0;327.0;28.0;300.0;30.0;7.0;5.0;100.0;1015.0;4.0;1.0;1.0;yes
Crafts;1;2.0;20.0;362.0;59.0;1000.0;30.0;6.0;15.0;1000.0;3960.0;12.0;2.0;1.0;yes
Crafts;1;18.0;2.0;510.0;63.0;719.55;26.0;18.0;1.42;213.0;13521.0;14.0;1.0;1.0;yes
Crafts;1;1.0;0.0;129.0;46.0;143.91;30.0;6.0;1.44;144.0;3377.0;0.0;0.0;0.0;yes
Crafts;1;0.0;3.0;189.0;40.0;3200.0;30.0;4.0;1.0;300.0;1963.0;0.0;1.0;1.0;yes
Crafts;0;10.0;0.0;244.0;52.0;7000.0;30.0;5.0;1.0;130.0;7180.0;32.0;1.0;1.0;yes
Crafts;1;3.0;4.0;508.0;72.0;1500.0;45.0;9.0;119.0;335.0;4450.0;23.0;2.0;1.0;yes
Crafts;0;9.0;0.0;485.0;40.0;431.73;30.0;7.0;1.41;56.0;4503.0;0.0;0.0;0.0;yes
Crafts;0;3.0;0.0;500.0;55.0;4597.5;40.0;13.0;4.0;749.0;4525.0;11.0;0.0;0.0;yes
Crafts;1;0.0;0.0;493.0;25.0;100.0;30.0;11.0;1.0;65.0;5195.0;0.0;0.0;0.0;yes
Crafts;0;0.0;3.0;482.0;23.0;250.0;7.0;4.0;25.0;35.0;1174.0;5.0;0.0;0.0;yes
Crafts;1;1.0;0.0;306.0;25.0;500.0;30.0;2.0;3.0;10.0;191.0;1.0;2.0;1.0;yes
Crafts;1;6.0;0.0;507.0;59.0;500.0;30.0;8.0;1.0;300.0;3038.0;0.0;0.0;0.0;yes
Crafts;0;20.0;2.0;497.0;50.0;8000.0;30.0;25.0;1.0;274.0;3035.0;40.0;1.0;1.0;yes
Crafts;0;0.0;0.0;499.0;42.0;1000.0;34.0;8.0;5.0;100.0;2533.0;0.0;1.0;1.0;yes
Crafts;1;23.0;2.0;636.0;64.0;100.0;30.0;7.0;5.0;75.0;4908.0;1.0;0.0;0.0;yes
Crafts;1;1.0;0.0;38.0;20.0;536.38;60.0;10.0;0.72;29.0;1302.0;4.0;0.0;0.0;yes
Crafts;1;0.0;0.0;542.0;59.0;5659.17;30.0;10.0;6.0;2221.0;8909.0;44.0;2.0;1.0;yes
Crafts;0;0.0;0.0;218.0;45.0;56.59;60.0;1.0;11.0;11.0;1487.0;0.0;1.0;1.0;yes
Crafts;0;4.0;0.0;498.0;52.0;500.0;30.0;7.0;1.0;100.0;5438.0;1.0;0.0;0.0;yes
Crafts;0;0.0;0.0;499.0;32.0;825.0;30.0;1.0;100.0;100.0;2595.0;0.0;0.0;0.0;yes
Crafts;0;15.0;4.0;500.0;55.0;1000.0;7.0;6.0;20.0;80.0;2041.0;10.0;0.0;0.0;yes
Crafts;1;5.0;0.0;63.0;24.0;900.0;30.0;3.0;25.0;80.0;1024.0;0.0;1.0;1.0;yes
Crafts;0;0.0;0.0;424.0;32.0;100.0;15.0;3.0;5.0;25.0;1239.0;2.0;0.0;0.0;yes
Crafts;1;0.0;2.0;573.0;41.0;350.0;30.0;19.0;1.0;1500.0;3237.0;0.0;0.0;0.0;yes
Crafts;0;1.0;0.0;511.0;43.0;550.0;30.0;1.0;1.0;1.0;1385.0;0.0;0.0;0.0;yes
Crafts;0;13.0;0.0;328.0;23.0;15.32;20.0;3.0;2.0;4.0;841.0;6.0;0.0;0.0;yes
Crafts;0;3.0;6.0;42.0;57.0;300.0;30.0;13.0;40.0;100.0;252.0;9.0;1.0;1.0;yes
Crafts;0;1.0;0.0;230.0;14.0;2500.0;30.0;9.0;10.0;300.0;2004.0;9.0;1.0;1.0;yes
Crafts;0;0.0;0.0;463.0;11.0;18000.0;31.0;30.0;1.0;1000.0;4914.0;8.0;1.0;1.0;yes
Crafts;1;0.0;0.0;178.0;52.0;500.0;30.0;2.0;25.0;50.0;1565.0;0.0;0.0;0.0;yes
Crafts;1;0.0;2.0;243.0;20.0;1000.0;17.0;4.0;40.0;160.0;2168.0;8.0;0.0;0.0;yes
Crafts;1;0.0;2.0;155.0;53.0;10.0;30.0;8.0;1.0;500.0;1373.0;0.0;1.0;1.0;yes
Crafts;1;0.0;0.0;514.0;35.0;339.55;14.0;7.0;6.0;113.0;2045.0;0.0;0.0;0.0;yes
Crafts;0;0.0;0.0;391.0;53.0;800.0;30.0;10.0;5.0;95.0;3598.0;9.0;0.0;0.0;yes
Crafts;1;5.0;0.0;479.0;56.0;7500.0;30.0;9.0;5.0;320.0;5619.0;12.0;1.0;1.0;yes
Crafts;1;9.0;6.0;568.0;34.0;1000.0;21.0;13.0;30.0;150.0;1912.0;18.0;1.0;1.0;yes
Crafts;1;0.0;0.0;590.0;16.0;1131.84;54.0;10.0;2.23;167.0;773.0;2.0;1.0;1.0;yes
Crafts;0;1.0;0.0;159.0;35.0;300.0;30.0;3.0;5.0;20.0;1138.0;0.0;0.0;0.0;no
Crafts;1;0.0;0.0;361.0;15.0;25000.0;30.0;7.0;5.0;375.0;1522.0;0.0;0.0;0.0;no
Crafts;0;0.0;0.0;199.0;36.0;1532.5;30.0;5.0;12.0;768.0;1791.0;0.0;1.0;1.0;no
Crafts;1;0.0;0.0;99.0;15.0;50000.0;30.0;7.0;5.0;5000.0;1161.0;0.0;0.0;0.0;no
Crafts;1;1.0;2.0;500.0;30.0;1000.0;30.0;5.0;5.0;1000.0;646.0;0.0;1.0;1.0;no
Crafts;1;0.0;0.0;611.0;61.0;1878.85;30.0;5.0;11.0;85.0;6496.0;4.0;0.0;0.0;no
Crafts;0;0.0;0.0;394.0;33.0;2590.37;30.0;2.0;164.0;178.0;653.0;8.0;0.0;0.0;no
Crafts;0;0.0;0.0;128.0;40.0;5000.0;30.0;4.0;30.0;50.0;1713.0;3.0;1.0;1.0;no
Crafts;0;7.0;2.0;519.0;16.0;400.0;30.0;1.0;15.0;15.0;604.0;3.0;1.0;1.0;no
Crafts;1;1.0;2.0;498.0;33.0;431.73;20.0;5.0;1.42;142.0;971.0;0.0;1.0;1.0;no
Crafts;0;0.0;0.0;438.0;20.0;600.0;31.0;5.0;1.0;40.0;1693.0;0.0;0.0;0.0;no
Crafts;0;0.0;0.0;496.0;35.0;2500.0;55.0;4.0;10.0;100.0;2023.0;0.0;0.0;0.0;no
Crafts;1;2.0;4.0;517.0;60.0;1000.0;40.0;12.0;10.0;350.0;5284.0;5.0;1.0;1.0;no
Crafts;1;0.0;0.0;556.0;53.0;10000.0;51.0;4.0;1.0;300.0;2164.0;0.0;1.0;1.0;no
Crafts;1;0.0;0.0;249.0;19.0;8000.0;38.0;4.0;10.0;1000.0;927.0;0.0;0.0;0.0;no
Crafts;0;0.0;0.0;667.0;46.0;282.96;30.0;9.0;1.13;23.0;6490.0;38.0;0.0;0.0;no
Crafts;0;0.0;0.0;289.0;16.0;1500.0;28.0;9.0;1.0;500.0;1628.0;5.0;0.0;0.0;no
Crafts;1;0.0;0.0;442.0;11.0;400.0;30.0;4.0;10.0;100.0;1414.0;0.0;0.0;0.0;no
Crafts;1;3.0;0.0;507.0;55.0;10000.0;30.0;13.0;5.0;2000.0;1924.0;6.0;2.0;1.0;no
Crafts;0;0.0;0.0;587.0;59.0;1000.0;15.0;2.0;30.0;80.0;3280.0;0.0;0.0;0.0;no
Crafts;1;0.0;2.0;372.0;55.0;5000.0;46.0;1.0;1.0;1.0;3910.0;0.0;1.0;1.0;no
Crafts;1;0.0;0.0;495.0;21.0;15000.0;30.0;7.0;1.0;2500.0;4989.0;3.0;0.0;0.0;no
Crafts;0;0.0;0.0;474.0;13.0;863.46;30.0;3.0;14.0;72.0;891.0;0.0;0.0;0.0;no
Crafts;0;0.0;0.0;503.0;43.0;5000.0;30.0;4.0;10.0;100.0;1158.0;4.0;0.0;0.0;no
Crafts;1;0.0;0.0;505.0;23.0;10000.0;28.0;2.0;25.0;75.0;3594.0;0.0;0.0;0.0;no
Crafts;1;0.0;3.0;496.0;60.0;19000.0;34.0;4.0;299.0;340.0;4223.0;8.0;1.0;1.0;no
Crafts;1;0.0;0.0;81.0;16.0;147138.55;30.0;2.0;112.0;1119.0;1808.0;0.0;0.0;0.0;no
Crafts;0;0.0;0.0;110.0;23.0;1500.0;21.0;4.0;15.0;40.0;948.0;0.0;0.0;0.0;no
Crafts;0;2.0;0.0;514.0;31.0;3000.0;60.0;3.0;5.0;200.0;702.0;0.0;1.0;1.0;no
Crafts;1;4.0;6.0;525.0;20.0;1000.0;30.0;7.0;1.0;50.0;4892.0;13.0;3.0;1.0;no
Crafts;1;0.0;0.0;60.0;60.0;200.0;30.0;3.0;10.0;50.0;1025.0;5.0;1.0;1.0;no
Crafts;0;0.0;0.0;110.0;34.0;565.92;58.0;1.0;11.0;11.0;840.0;0.0;0.0;0.0;no
Crafts;0;0.0;0.0;56.0;7.0;4317.28;30.0;1.0;7.0;7.0;1189.0;3.0;1.0;1.0;no
Crafts;1;1.0;0.0;279.0;31.0;2500.0;30.0;1.0;35.0;35.0;337.0;0.0;1.0;1.0;no
Crafts;1;1.0;5.0;509.0;60.0;719.55;32.0;10.0;28.0;51.0;2150.0;10.0;0.0;0.0;no
Crafts;0;0.0;0.0;75.0;58.0;383.12;30.0;5.0;1.51;75.0;4766.0;6.0;1.0;1.0;no
Crafts;1;0.0;0.0;409.0;27.0;1250.0;30.0;7.0;2.0;50.0;1680.0;4.0;0.0;0.0;no
Crafts;0;0.0;0.0;500.0;49.0;15000.0;32.0;9.0;25.0;1000.0;665.0;0.0;1.0;1.0;no
Crafts;0;0.0;0.0;284.0;19.0;7500.0;45.0;9.0;1.0;5000.0;2046.0;0.0;0.0;0.0;no
Crafts;1;0.0;3.0;151.0;30.0;2750.0;28.0;7.0;1.0;500.0;2789.0;5.0;0.0;0.0;no
Crafts;0;70.0;0.0;487.0;31.0;1250.0;30.0;13.0;1.0;179.0;2582.0;7.0;1.0;1.0;no
Crafts;1;3.0;0.0;493.0;57.0;57200.0;30.0;16.0;1.0;5000.0;2225.0;8.0;1.0;1.0;no
Crafts;0;0.0;0.0;550.0;20.0;450.0;30.0;1.0;350.0;350.0;512.0;0.0;0.0;0.0;no
Crafts;1;0.0;0.0;500.0;21.0;5000.0;30.0;6.0;5.0;100.0;1211.0;0.0;0.0;0.0;no
Crafts;1;0.0;0.0;493.0;20.0;3000.0;30.0;1.0;10.0;10.0;580.0;0.0;0.0;0.0;no
Crafts;0;1.0;0.0;515.0;14.0;10000.0;30.0;6.0;6.0;35.0;1700.0;0.0;0.0;0.0;no
Crafts;1;1.0;0.0;209.0;43.0;5756.38;50.0;5.0;14.0;169.0;697.0;3.0;0.0;0.0;no
Crafts;1;0.0;0.0;290.0;18.0;1000.0;30.0;1.0;15.0;15.0;492.0;0.0;0.0;0.0;no
Crafts;0;0.0;0.0;393.0;25.0;8000.0;40.0;11.0;10.0;1000.0;1112.0;8.0;0.0;0.0;no
Crafts;1;0.0;0.0;504.0;31.0;600.0;30.0;3.0;10.0;50.0;3557.0;0.0;0.0;0.0;no
Crafts;0;0.0;2.0;62.0;21.0;7000.0;30.0;6.0;25.0;300.0;6369.0;0.0;0.0;0.0;no
Crafts;0;0.0;0.0;541.0;42.0;2500.0;30.0;1.0;25.0;25.0;2105.0;6.0;0.0;0.0;no
Crafts;1;0.0;0.0;504.0;18.0;5000.0;30.0;5.0;10.0;100.0;3984.0;0.0;1.0;1.0;no
Crafts;0;0.0;0.0;47.0;23.0;700.0;30.0;2.0;5.0;10.0;364.0;0.0;0.0;0.0;no
Crafts;0;0.0;0.0;226.0;30.0;1583.0;60.0;3.0;36.0;432.0;1233.0;0.0;1.0;1.0;no
Crafts;1;5.0;2.0;514.0;27.0;1500.0;30.0;4.0;10.0;100.0;1813.0;0.0;1.0;1.0;no
Crafts;0;0.0;0.0;87.0;37.0;300000.0;24.0;2.0;15.0;50.0;946.0;0.0;0.0;0.0;no
Crafts;0;1.0;0.0;526.0;67.0;10000.0;30.0;9.0;5.0;500.0;14388.0;18.0;1.0;1.0;no
Crafts;1;0.0;0.0;113.0;23.0;1800.0;30.0;3.0;10.0;40.0;1732.0;0.0;0.0;0.0;no
Crafts;1;1.0;0.0;503.0;21.0;1367.14;30.0;9.0;1.45;109.0;12648.0;6.0;0.0;0.0;no
Crafts;0;0.0;0.0;435.0;59.0;135000.0;45.0;1.0;100.0;100.0;747.0;0.0;0.0;0.0;no
Crafts;1;0.0;0.0;325.0;13.0;10500.0;28.0;2.0;5.0;25.0;1287.0;0.0;0.0;0.0;no
Crafts;1;0.0;0.0;386.0;56.0;8634.57;30.0;5.0;7.0;145.0;1762.0;2.0;0.0;0.0;no
Crafts;1;0.0;0.0;486.0;59.0;3412.0;18.0;5.0;1.0;300.0;1429.0;2.0;1.0;1.0;no
Crafts;0;0.0;0.0;512.0;47.0;3000.0;30.0;12.0;1.0;3000.0;2379.0;0.0;1.0;1.0;no
Crafts;1;0.0;0.0;486.0;61.0;2878.19;20.0;10.0;7.0;212.0;1150.0;0.0;0.0;0.0;no
Crafts;0;4.0;2.0;430.0;53.0;750.0;27.0;5.0;5.0;100.0;3917.0;0.0;0.0;0.0;no
Crafts;0;0.0;0.0;375.0;35.0;1532.5;30.0;4.0;23.0;114.0;1878.0;0.0;0.0;0.0;no
Crafts;1;0.0;0.0;328.0;42.0;499.0;30.0;6.0;1.0;50.0;225.0;0.0;1.0;1.0;no
Crafts;0;0.0;0.0;354.0;33.0;5500.0;30.0;1.0;25.0;25.0;2239.0;0.0;0.0;0.0;no
Crafts;1;0.0;2.0;119.0;15.0;1500.0;30.0;3.0;10.0;20.0;1467.0;2.0;1.0;1.0;no
Crafts;1;0.0;0.0;174.0;23.0;12500.0;30.0;1.0;50.0;50.0;789.0;0.0;0.0;0.0;no
Crafts;0;2.0;0.0;329.0;48.0;500.0;30.0;6.0;1.0;150.0;990.0;0.0;0.0;0.0;no
Crafts;1;0.0;0.0;296.0;14.0;1000.0;30.0;4.0;1.0;20.0;791.0;0.0;0.0;0.0;no
Crafts;1;0.0;2.0;448.0;48.0;2107.19;30.0;4.0;41.0;64.0;3956.0;3.0;0.0;0.0;no
Crafts;1;0.0;2.0;448.0;55.0;1053.59;30.0;4.0;41.0;64.0;3350.0;2.0;0.0;0.0;no
Crafts;0;0.0;0.0;219.0;42.0;863.46;30.0;1.0;14.0;14.0;691.0;0.0;0.0;0.0;no
Crafts;1;0.0;0.0;500.0;60.0;25000.0;17.0;5.0;99.0;990.0;4037.0;2.0;1.0;1.0;no
Crafts;0;0.0;0.0;642.0;52.0;3961.42;60.0;1.0;225.0;225.0;1906.0;6.0;0.0;0.0;no
Crafts;0;3.0;0.0;282.0;59.0;1000.0;30.0;6.0;10.0;200.0;2242.0;7.0;0.0;0.0;no
Crafts;0;0.0;0.0;503.0;47.0;7500.0;30.0;6.0;5.0;1500.0;927.0;0.0;0.0;0.0;no
Crafts;0;0.0;0.0;499.0;27.0;11493.75;30.0;4.0;0.76;76.0;1967.0;0.0;0.0;0.0;no
Crafts;1;0.0;0.0;473.0;31.0;2400.0;30.0;5.0;15.0;1000.0;2637.0;4.0;0.0;0.0;no
Crafts;0;0.0;0.0;108.0;48.0;2500.0;45.0;6.0;10.0;120.0;1231.0;0.0;1.0;1.0;no
Crafts;1;0.0;2.0;598.0;19.0;22000.0;14.0;8.0;10.0;1000.0;1364.0;0.0;0.0;0.0;no
Crafts;1;0.0;0.0;242.0;38.0;5000.0;30.0;11.0;5.0;5000.0;2998.0;0.0;1.0;1.0;no
Crafts;0;0.0;0.0;280.0;46.0;4500.0;30.0;1.0;25.0;25.0;440.0;1.0;0.0;0.0;no
Crafts;1;0.0;0.0;498.0;14.0;95781.25;30.0;7.0;4.0;189.0;3651.0;1.0;1.0;1.0;no
Crafts;1;5.0;2.0;505.0;53.0;20688.75;30.0;6.0;0.76;757.0;2726.0;3.0;1.0;1.0;no
Crafts;1;0.0;0.0;468.0;24.0;1250.0;30.0;5.0;1.0;250.0;3223.0;3.0;0.0;0.0;no
Crafts;1;0.0;0.0;353.0;24.0;1200.0;30.0;3.0;5.0;50.0;1656.0;0.0;0.0;0.0;no
Crafts;1;0.0;3.0;511.0;18.0;1151.28;30.0;5.0;1.43;21.0;2979.0;0.0;0.0;0.0;no
Crafts;1;0.0;0.0;529.0;19.0;2635.0;22.0;2.0;1.0;10.0;2205.0;0.0;0.0;0.0;no
Crafts;1;0.0;0.0;260.0;55.0;1151.28;29.0;4.0;14.0;72.0;897.0;7.0;0.0;0.0;no
Crafts;0;0.0;0.0;121.0;45.0;500.0;30.0;7.0;1.0;200.0;4842.0;0.0;0.0;0.0;no
Crafts;1;0.0;0.0;363.0;14.0;2878.19;30.0;2.0;36.0;143.0;1545.0;0.0;0.0;0.0;no
Crafts;1;0.0;0.0;526.0;14.0;4597.5;30.0;16.0;30.0;492.0;4533.0;17.0;0.0;0.0;no
Crafts;1;38.0;2.0;203.0;53.0;15000.0;20.0;11.0;1.0;250.0;3550.0;14.0;1.0;1.0;no
Crafts;0;0.0;0.0;448.0;27.0;191562.5;45.0;2.0;364.0;1456.0;3790.0;0.0;0.0;0.0;no
Crafts;0;0.0;0.0;287.0;51.0;20000.0;7.0;1.0;15.0;15.0;1686.0;0.0;0.0;0.0;no
Crafts;0;0.0;0.0;125.0;19.0;10000.0;30.0;3.0;5.0;40.0;1316.0;10.0;0.0;0.0;no
Crafts;0;0.0;0.0;504.0;23.0;1000.0;30.0;1.0;100.0;100.0;875.0;0.0;0.0;0.0;no
Crafts;1;0.0;0.0;266.0;61.0;71954.75;30.0;4.0;14.0;142.0;3778.0;11.0;0.0;0.0;no
Crafts;1;7.0;0.0;294.0;39.0;2650.0;30.0;16.0;5.0;1000.0;5393.0;16.0;2.0;1.0;no
Crafts;0;0.0;0.0;456.0;41.0;5000.0;28.0;1.0;100.0;100.0;735.0;0.0;0.0;0.0;no
Crafts;0;6.0;0.0;300.0;53.0;300.0;30.0;4.0;1.0;15.0;1014.0;1.0;0.0;0.0;no
Crafts;1;0.0;0.0;260.0;18.0;3065.0;30.0;1.0;38.0;38.0;129.0;0.0;0.0;0.0;no
Crafts;0;5.0;0.0;504.0;60.0;1500.0;30.0;7.0;5.0;200.0;6115.0;18.0;1.0;1.0;no
Crafts;1;6.0;0.0;508.0;27.0;20000.0;30.0;8.0;1.0;1000.0;7498.0;5.0;3.0;1.0;no
Crafts;0;0.0;0.0;257.0;12.0;5000.0;30.0;5.0;1.0;100.0;613.0;0.0;0.0;0.0;no
Crafts;1;0.0;2.0;500.0;30.0;3597.74;30.0;13.0;7.0;712.0;1069.0;0.0;0.0;0.0;no
Crafts;0;0.0;0.0;388.0;28.0;1079.32;30.0;4.0;7.0;71.0;1739.0;0.0;1.0;1.0;no
Crafts;1;0.0;0.0;251.0;25.0;1149.38;20.0;5.0;4.0;42.0;1942.0;0.0;0.0;0.0;no
Crafts;0;0.0;0.0;281.0;17.0;150.0;60.0;1.0;5.0;5.0;326.0;0.0;0.0;0.0;no
Crafts;0;0.0;0.0;344.0;16.0;2500.0;31.0;1.0;20.0;20.0;1641.0;0.0;0.0;0.0;no
Crafts;1;1.0;0.0;58.0;14.0;3000.0;22.0;1.0;30.0;30.0;1655.0;2.0;0.0;0.0;no
Crafts;1;4.0;0.0;160.0;43.0;4597.5;60.0;11.0;1.43;250.0;4539.0;0.0;0.0;0.0;no
Crafts;0;0.0;4.0;493.0;30.0;500.0;30.0;20.0;35.0;140.0;624.0;8.0;1.0;1.0;no
Crafts;1;0.0;0.0;309.0;23.0;25000.0;30.0;6.0;25.0;1000.0;849.0;0.0;1.0;1.0;no
Crafts;1;0.0;2.0;511.0;29.0;5000.0;30.0;1.0;500.0;500.0;743.0;0.0;0.0;0.0;no
Crafts;1;0.0;0.0;498.0;52.0;250.0;30.0;2.0;50.0;100.0;1468.0;6.0;0.0;0.0;no
Crafts;0;0.0;0.0;142.0;14.0;4000.0;45.0;1.0;35.0;35.0;710.0;0.0;0.0;0.0;no
Crafts;1;0.0;0.0;271.0;59.0;400.0;14.0;1.0;20.0;20.0;1928.0;0.0;0.0;0.0;no
Crafts;0;0.0;0.0;503.0;69.0;6500.0;30.0;2.0;15.0;25.0;3393.0;0.0;1.0;1.0;no
Crafts;0;0.0;2.0;51.0;29.0;2600.0;60.0;10.0;1.0;900.0;2050.0;12.0;1.0;1.0;no
Crafts;1;0.0;0.0;516.0;45.0;14390.95;30.0;6.0;1.4;140.0;7111.0;7.0;1.0;1.0;no
Crafts;1;0.0;0.0;447.0;24.0;1000.0;30.0;2.0;20.0;20.0;1527.0;0.0;0.0;0.0;no
Crafts;1;1.0;0.0;503.0;58.0;5000.0;30.0;3.0;10.0;75.0;2683.0;3.0;0.0;0.0;no
Crafts;1;0.0;2.0;152.0;11.0;20000.0;30.0;1.0;25.0;25.0;852.0;0.0;0.0;0.0;no
Crafts;1;0.0;0.0;498.0;15.0;2600.0;30.0;1.0;5.0;5.0;2863.0;0.0;0.0;0.0;no
Crafts;0;0.0;0.0;192.0;26.0;200.0;30.0;2.0;10.0;25.0;1066.0;7.0;0.0;0.0;no
Design;0;0.0;0.0;67.0;35.0;1439.1;30.0;5.0;7.0;64.0;2993.0;6.0;1.0;1.0;yes
Design;1;13.0;2.0;269.0;55.0;2681.88;30.0;6.0;0.77;115.0;1985.0;4.0;1.0;1.0;yes
Design;0;1.0;4.0;160.0;53.0;700.0;35.0;11.0;2.0;250.0;3365.0;26.0;0.0;0.0;yes
Design;0;1.0;0.0;428.0;45.0;1439.1;30.0;6.0;1.43;71.0;1594.0;5.0;1.0;1.0;yes
Design;0;57.0;3.0;505.0;22.0;10000.0;28.0;8.0;20.0;4000.0;3543.0;5.0;1.0;1.0;yes
Design;1;0.0;3.0;757.0;33.0;64.76;7.0;4.0;2.88;17.0;4351.0;2.0;0.0;0.0;yes
Design;0;0.0;0.0;512.0;48.0;37690.11;30.0;8.0;71.0;381.0;7697.0;30.0;1.0;1.0;yes
Design;0;0.0;0.0;43.0;44.0;113.18;30.0;4.0;1.14;11.0;523.0;0.0;0.0;0.0;no
Design;0;0.0;0.0;176.0;11.0;2200.0;30.0;2.0;10.0;25.0;1000.0;0.0;1.0;1.0;no
Design;1;0.0;0.0;83.0;32.0;1245.02;30.0;7.0;11.0;226.0;1604.0;5.0;1.0;1.0;no
Design;0;2.0;0.0;514.0;40.0;5000.0;30.0;5.0;5.0;215.0;3156.0;4.0;1.0;1.0;no
Design;0;0.0;0.0;68.0;17.0;100.0;10.0;5.0;1.0;100.0;748.0;0.0;1.0;1.0;no
Design;1;8.0;8.0;499.0;22.0;500.0;30.0;6.0;7.0;40.0;2654.0;6.0;0.0;0.0;no
Design;0;0.0;0.0;502.0;25.0;7000.0;30.0;7.0;20.0;500.0;5370.0;4.0;1.0;1.0;no
Design;1;4.0;0.0;502.0;53.0;1000.0;14.0;3.0;5.0;25.0;4223.0;7.0;0.0;0.0;no
Design;0;0.0;4.0;677.0;33.0;565.92;30.0;6.0;1.12;94.0;1570.0;6.0;1.0;1.0;no
Design;0;0.0;0.0;372.0;3.0;1500.0;45.0;3.0;2.0;45.0;1659.0;4.0;0.0;0.0;no
Design;0;0.0;0.0;434.0;39.0;1697.75;21.0;4.0;6.0;67.0;542.0;0.0;0.0;0.0;no
Design;1;1.0;0.0;231.0;64.0;650.0;30.0;5.0;7.0;100.0;110.0;2.0;0.0;0.0;no
Design;1;0.0;0.0;330.0;7.0;1500.0;30.0;4.0;25.0;200.0;3364.0;3.0;1.0;1.0;no
Design;1;0.0;10.0;498.0;14.0;1000.0;30.0;5.0;5.0;150.0;1173.0;5.0;1.0;1.0;no
Design;0;0.0;0.0;233.0;59.0;15000.0;30.0;10.0;25.0;1500.0;3415.0;10.0;1.0;1.0;no
Design;0;1.0;3.0;262.0;53.0;1439.1;30.0;7.0;28.0;140.0;1840.0;8.0;0.0;0.0;no
Design;1;1.0;0.0;0.0;18.0;30000.0;60.0;6.0;10.0;1000.0;3405.0;1.0;1.0;1.0;no
Design;0;2.0;2.0;77.0;57.0;1358.2;45.0;6.0;1.12;169.0;1835.0;3.0;0.0;0.0;no
Design;1;8.0;2.0;274.0;51.0;500.0;30.0;11.0;5.0;500.0;1958.0;4.0;0.0;0.0;yes
Design;1;5.0;2.0;505.0;63.0;383.12;20.0;8.0;0.78;78.0;2694.0;3.0;1.0;1.0;yes
Design;0;0.0;0.0;87.0;55.0;20000.0;45.0;12.0;5.0;3999.0;6654.0;53.0;4.0;1.0;yes
Design;1;5.0;0.0;498.0;59.0;5300.0;30.0;9.0;2.0;700.0;2361.0;4.0;1.0;1.0;yes
Design;0;4.0;0.0;394.0;33.0;150000.0;30.0;4.0;40.0;3000.0;10935.0;39.0;3.0;1.0;yes
Design;0;0.0;0.0;496.0;52.0;15000.0;30.0;8.0;10.0;40.0;2546.0;11.0;1.0;1.0;yes
Design;1;1.0;0.0;106.0;55.0;9500.0;30.0;18.0;5.0;300.0;2707.0;16.0;2.0;1.0;yes
Design;1;3.0;0.0;464.0;29.0;14390.95;35.0;17.0;1.41;675.0;14515.0;20.0;1.0;1.0;yes
Design;1;4.0;2.0;519.0;60.0;1000.0;27.0;10.0;5.0;6900.0;3712.0;10.0;1.0;1.0;yes
Design;1;0.0;2.0;531.0;60.0;19156.25;45.0;23.0;230.0;1538.0;5462.0;44.0;3.0;1.0;yes
Design;1;0.0;0.0;512.0;9.0;3000.0;25.0;15.0;1.0;500.0;2962.0;7.0;1.0;1.0;yes
Design;0;3.0;0.0;500.0;44.0;22987.5;35.0;12.0;0.75;34.0;6668.0;16.0;2.0;1.0;yes
Design;0;0.0;4.0;266.0;65.0;500.0;15.0;8.0;5.0;84.0;1247.0;8.0;0.0;0.0;yes
Design;1;9.0;0.0;504.0;37.0;11450.0;28.0;12.0;5.0;2500.0;7029.0;20.0;1.0;1.0;yes
Design;1;3.0;2.0;43.0;34.0;7662.5;30.0;8.0;19.0;399.0;2189.0;10.0;1.0;1.0;yes
Design;1;18.0;2.0;503.0;16.0;5000.0;31.0;14.0;5.0;1000.0;1455.0;17.0;1.0;1.0;yes
Design;0;1.0;3.0;513.0;58.0;1131.84;30.0;11.0;1.13;98.0;3325.0;14.0;1.0;1.0;yes
Design;1;15.0;3.0;504.0;42.0;9713.89;30.0;7.0;1.43;280.0;9442.0;20.0;1.0;1.0;yes
Design;1;32.0;0.0;206.0;50.0;10000.0;60.0;15.0;5.0;1000.0;4206.0;22.0;2.0;1.0;yes
Design;0;6.0;0.0;100.0;46.0;10000.0;30.0;15.0;1.0;3000.0;4172.0;49.0;1.0;1.0;yes
Design;1;3.0;0.0;498.0;59.0;30000.0;31.0;10.0;5.0;1500.0;3870.0;29.0;1.0;1.0;yes
Design;0;30.0;9.0;522.0;55.0;5000.0;25.0;5.0;1.0;90.0;10505.0;15.0;1.0;1.0;yes
Design;0;11.0;0.0;505.0;53.0;10000.0;51.0;12.0;2.0;2500.0;23273.0;64.0;1.0;1.0;yes
Design;0;0.0;0.0;416.0;59.0;7000.0;30.0;11.0;1.0;1000.0;5025.0;12.0;1.0;1.0;yes
Design;1;2.0;0.0;486.0;57.0;3395.5;30.0;12.0;1.13;316.0;7218.0;35.0;1.0;1.0;yes
Design;0;0.0;0.0;321.0;54.0;45975.0;30.0;10.0;4.0;401.0;2261.0;18.0;1.0;1.0;yes
Design;0;1.0;0.0;511.0;31.0;50000.0;30.0;11.0;1.0;1599.0;7854.0;6.0;2.0;1.0;yes
Design;1;0.0;0.0;383.0;16.0;6791.01;30.0;13.0;1.13;323.0;5741.0;25.0;1.0;1.0;yes
Design;1;2.0;0.0;504.0;54.0;16977.52;37.0;8.0;17.0;1124.0;5802.0;13.0;3.0;1.0;yes
Design;0;3.0;3.0;272.0;29.0;431.73;60.0;7.0;1.39;277.0;1060.0;2.0;0.0;0.0;yes
Design;1;17.0;4.0;328.0;60.0;5000.0;45.0;9.0;35.0;350.0;1508.0;9.0;1.0;1.0;yes
Design;1;0.0;3.0;511.0;27.0;575.64;14.0;4.0;1.41;17.0;3203.0;0.0;0.0;0.0;yes
Design;1;0.0;0.0;503.0;40.0;5000.0;30.0;6.0;1.0;100.0;1752.0;3.0;1.0;1.0;yes
Design;1;2.0;0.0;96.0;47.0;15000.0;30.0;10.0;10.0;1000.0;4374.0;28.0;1.0;1.0;yes
Design;0;0.0;0.0;125.0;52.0;150.0;20.0;1.0;10.0;10.0;1864.0;1.0;0.0;0.0;yes
Design;1;17.0;2.0;266.0;49.0;20000.0;59.0;8.0;5.0;2500.0;3551.0;18.0;1.0;1.0;yes
Design;1;6.0;2.0;247.0;41.0;13639.25;23.0;8.0;25.0;524.0;11894.0;70.0;1.0;1.0;yes
Design;0;10.0;29.0;10.0;55.0;500.0;20.0;5.0;55.0;700.0;1872.0;12.0;0.0;0.0;yes
Design;0;3.0;0.0;211.0;36.0;10000.0;50.0;14.0;5.0;880.0;8759.0;41.0;2.0;1.0;yes
Design;0;3.0;0.0;501.0;57.0;41000.0;30.0;13.0;1.0;959.0;6639.0;24.0;1.0;1.0;yes
Design;1;1.0;0.0;405.0;38.0;7500.0;34.0;8.0;5.0;1200.0;3939.0;7.0;1.0;1.0;yes
Design;0;26.0;3.0;498.0;35.0;999.0;15.0;2.0;39.0;59.0;240.0;16.0;0.0;0.0;yes
Design;1;12.0;12.0;474.0;34.0;575.64;14.0;3.0;4.0;18.0;663.0;4.0;0.0;0.0;yes
Design;0;0.0;0.0;307.0;62.0;22636.7;40.0;11.0;1.11;332.0;4018.0;35.0;1.0;1.0;yes
Design;0;10.0;4.0;376.0;30.0;5000.0;30.0;9.0;1.0;120.0;4847.0;18.0;1.0;1.0;yes
Design;1;0.0;0.0;95.0;45.0;5000.0;34.0;15.0;5.0;1050.0;5436.0;3.0;1.0;1.0;yes
Design;1;107.0;11.0;501.0;58.0;3500.0;60.0;12.0;5.0;312.0;9711.0;60.0;1.0;1.0;yes
Design;0;0.0;0.0;432.0;47.0;100000.0;40.0;7.0;129.0;5999.0;24482.0;74.0;5.0;1.0;yes
Design;0;1.0;3.0;466.0;36.0;15000.0;60.0;9.0;5.0;185.0;6346.0;26.0;1.0;1.0;yes
Design;0;6.0;2.0;284.0;47.0;73569.27;28.0;10.0;1.12;5583.0;9382.0;45.0;1.0;1.0;yes
Design;1;0.0;0.0;508.0;66.0;15000.0;35.0;27.0;1.0;10000.0;6081.0;23.0;1.0;1.0;yes
Design;0;0.0;0.0;192.0;21.0;9620.6;60.0;13.0;1.11;167.0;11265.0;7.0;1.0;1.0;yes
Design;1;0.0;0.0;103.0;29.0;15325.0;30.0;13.0;4.0;156.0;2244.0;3.0;1.0;1.0;yes
Design;1;44.0;0.0;448.0;39.0;12000.0;38.0;17.0;1.0;500.0;8076.0;44.0;1.0;1.0;yes
Design;0;1.0;0.0;162.0;59.0;165000.0;45.0;13.0;5.0;2649.0;5741.0;46.0;2.0;1.0;yes
Design;1;2.0;2.0;420.0;41.0;3000.0;30.0;9.0;10.0;400.0;600.0;3.0;1.0;1.0;yes
Design;1;1.0;3.0;502.0;58.0;12232.31;23.0;12.0;84.0;1101.0;2078.0;17.0;1.0;1.0;yes
Design;0;0.0;2.0;112.0;54.0;4317.28;50.0;15.0;1.4;347.0;7857.0;45.0;0.0;0.0;yes
Design;0;53.0;3.0;510.0;66.0;25000.0;31.0;14.0;19.0;636.0;6255.0;34.0;1.0;1.0;yes
Design;1;15.0;0.0;265.0;53.0;3000.0;16.0;11.0;5.0;280.0;2143.0;2.0;1.0;1.0;yes
Design;0;1.0;0.0;514.0;47.0;30000.0;38.0;8.0;25.0;399.0;3217.0;14.0;1.0;1.0;yes
Design;1;57.0;13.0;219.0;42.0;5000.0;23.0;14.0;1.0;80.0;3973.0;19.0;3.0;1.0;yes
Design;0;3.0;2.0;511.0;63.0;2500.0;30.0;7.0;5.0;100.0;8178.0;4.0;1.0;1.0;yes
Design;0;0.0;3.0;551.0;24.0;10000.0;37.0;8.0;30.0;195.0;7957.0;13.0;1.0;1.0;yes
Design;0;1.0;3.0;105.0;58.0;10000.0;30.0;19.0;40.0;176.0;9762.0;42.0;1.0;1.0;yes
Design;0;18.0;2.0;202.0;43.0;1200.0;50.0;12.0;9.0;275.0;1399.0;8.0;1.0;1.0;yes
Design;1;2.0;0.0;498.0;45.0;7000.0;33.0;8.0;5.0;700.0;3408.0;27.0;1.0;1.0;yes
Design;1;2.0;2.0;523.0;82.0;16000.0;16.0;14.0;5.0;550.0;6973.0;4.0;1.0;1.0;yes
Design;1;5.0;0.0;516.0;56.0;11000.0;36.0;13.0;10.0;160.0;5287.0;18.0;1.0;1.0;yes
Design;1;14.0;0.0;337.0;55.0;7000.0;30.0;15.0;1.0;192.0;6755.0;35.0;1.0;1.0;yes
Design;1;6.0;0.0;492.0;64.0;70000.0;30.0;12.0;1.0;3199.0;8932.0;72.0;2.0;1.0;yes
Design;0;16.0;3.0;439.0;55.0;5800.0;21.0;17.0;5.0;450.0;3474.0;23.0;1.0;1.0;yes
Design;0;25.0;0.0;458.0;57.0;5000.0;35.0;16.0;1.0;6800.0;7436.0;52.0;1.0;1.0;yes
Design;1;6.0;4.0;131.0;58.0;3831.25;35.0;6.0;0.76;114.0;1974.0;18.0;2.0;1.0;yes
Design;0;6.0;0.0;219.0;58.0;10000.0;30.0;10.0;1.0;5000.0;9919.0;17.0;1.0;1.0;yes
Design;1;5.0;7.0;351.0;60.0;766.25;15.0;3.0;20.0;44.0;5162.0;8.0;1.0;1.0;yes
Design;1;0.0;0.0;125.0;61.0;15000.0;30.0;11.0;5.0;650.0;3253.0;8.0;1.0;1.0;yes
Design;0;2.0;0.0;39.0;71.0;5200.0;36.0;9.0;1.0;159.0;1138.0;14.0;2.0;1.0;yes
Design;1;0.0;2.0;514.0;47.0;28295.87;21.0;6.0;6.0;1455.0;14476.0;25.0;2.0;1.0;yes
Design;0;9.0;0.0;303.0;53.0;11884.27;30.0;19.0;1.12;2738.0;4321.0;23.0;2.0;1.0;yes
Design;0;99.0;0.0;393.0;44.0;23645.0;60.0;10.0;5.0;260.0;1386.0;29.0;1.0;1.0;yes
Design;1;0.0;0.0;569.0;23.0;500.0;10.0;8.0;10.0;500.0;2065.0;0.0;1.0;1.0;yes
Design;1;0.0;2.0;329.0;53.0;1437.66;23.0;6.0;27.0;92.0;1188.0;15.0;1.0;1.0;yes
Design;1;2.0;2.0;500.0;41.0;2500.0;30.0;11.0;1.0;300.0;1246.0;11.0;1.0;1.0;yes
Design;0;0.0;0.0;505.0;56.0;28781.9;30.0;18.0;1.41;495.0;11547.0;14.0;1.0;1.0;yes
Design;1;41.0;3.0;507.0;60.0;30000.0;31.0;9.0;40.0;5000.0;15900.0;39.0;1.0;1.0;yes
Design;1;15.0;3.0;505.0;15.0;22000.0;32.0;10.0;1.0;5000.0;6755.0;16.0;1.0;1.0;yes
Design;0;15.0;0.0;464.0;24.0;40000.0;45.0;12.0;10.0;500.0;6455.0;34.0;1.0;1.0;yes
Design;0;8.0;0.0;115.0;53.0;2500.0;36.0;11.0;1.0;64.0;848.0;18.0;1.0;1.0;yes
Design;1;45.0;2.0;510.0;58.0;1149.38;10.0;4.0;4.0;439.0;6411.0;5.0;1.0;1.0;yes
Design;1;0.0;2.0;536.0;40.0;1131.84;45.0;6.0;17.0;60.0;4332.0;25.0;1.0;1.0;yes
Design;0;0.0;0.0;259.0;53.0;3500.0;60.0;14.0;10.0;1000.0;9275.0;48.0;2.0;1.0;yes
Design;1;11.0;0.0;494.0;41.0;42143.75;30.0;10.0;4.0;978.0;16262.0;61.0;1.0;1.0;yes
Design;0;0.0;0.0;326.0;25.0;2500.0;38.0;15.0;20.0;220.0;3046.0;8.0;1.0;1.0;yes
Design;1;26.0;3.0;244.0;56.0;25000.0;44.0;13.0;20.0;399.0;21012.0;69.0;2.0;1.0;yes
Design;1;0.0;0.0;340.0;57.0;1500.0;30.0;8.0;9.0;50.0;1056.0;5.0;1.0;1.0;yes
Design;0;3.0;0.0;517.0;50.0;20000.0;30.0;13.0;20.0;600.0;4571.0;36.0;1.0;1.0;yes
Design;1;35.0;0.0;335.0;50.0;1532.5;32.0;17.0;0.76;182.0;5184.0;6.0;3.0;1.0;yes
Design;1;7.0;0.0;222.0;59.0;22636.7;30.0;15.0;6.0;558.0;9418.0;52.0;4.0;1.0;yes
Design;0;18.0;0.0;506.0;62.0;11500.0;30.0;15.0;5.0;1500.0;3085.0;13.0;1.0;1.0;yes
Design;1;0.0;0.0;417.0;24.0;5000.0;30.0;9.0;1.0;60.0;2999.0;6.0;1.0;1.0;yes
Design;0;0.0;2.0;397.0;40.0;5180.74;18.0;4.0;1.41;127.0;6402.0;22.0;1.0;1.0;yes
Design;1;23.0;0.0;479.0;55.0;50000.0;35.0;15.0;1.0;2500.0;7592.0;37.0;1.0;1.0;yes
Design;1;5.0;0.0;339.0;37.0;1000.0;14.0;6.0;1.0;200.0;1435.0;11.0;1.0;1.0;yes
Design;0;0.0;0.0;110.0;55.0;3000.0;14.0;6.0;5.0;249.0;4811.0;38.0;1.0;1.0;yes
Design;1;16.0;2.0;510.0;30.0;5000.0;30.0;7.0;1.0;120.0;12468.0;14.0;1.0;1.0;yes
Design;0;4.0;0.0;135.0;60.0;8000.0;30.0;14.0;5.0;3800.0;6088.0;25.0;1.0;1.0;yes
Design;0;4.0;0.0;512.0;61.0;12000.0;33.0;9.0;5.0;1000.0;12579.0;40.0;1.0;1.0;yes
Design;1;0.0;5.0;517.0;59.0;4700.0;28.0;4.0;39.0;119.0;8806.0;36.0;1.0;1.0;yes
Design;1;0.0;0.0;161.0;19.0;2263.67;30.0;10.0;1.12;56.0;447.0;5.0;2.0;1.0;yes
Design;0;3.0;0.0;500.0;32.0;9054.68;30.0;11.0;658.0;3011.0;4450.0;33.0;1.0;1.0;yes
Design;1;5.0;0.0;253.0;23.0;13582.02;40.0;4.0;141.0;272.0;9907.0;24.0;2.0;1.0;yes
Design;0;3.0;2.0;250.0;40.0;719.55;40.0;31.0;1.39;55.0;2833.0;25.0;3.0;1.0;yes
Design;1;36.0;0.0;519.0;64.0;20000.0;60.0;8.0;1.0;1000.0;842.0;7.0;2.0;1.0;yes
Design;1;11.0;0.0;500.0;60.0;36000.0;30.0;21.0;5.0;2000.0;9391.0;17.0;2.0;1.0;yes
Design;0;7.0;0.0;145.0;61.0;95000.0;30.0;10.0;25.0;4999.0;8739.0;30.0;1.0;1.0;yes
Design;0;3.0;0.0;506.0;13.0;20000.0;30.0;7.0;1.0;250.0;1557.0;13.0;1.0;1.0;yes
Design;1;12.0;3.0;476.0;50.0;12000.0;30.0;8.0;2.0;190.0;2343.0;13.0;1.0;1.0;yes
Design;1;6.0;0.0;538.0;57.0;25000.0;32.0;10.0;5.0;10000.0;13735.0;77.0;2.0;1.0;yes
Design;1;151.0;4.0;539.0;49.0;5000.0;30.0;12.0;1.0;2500.0;6735.0;28.0;3.0;1.0;yes
Design;1;3.0;0.0;367.0;29.0;20000.0;35.0;5.0;10.0;50.0;689.0;7.0;1.0;1.0;yes
Design;1;39.0;3.0;511.0;59.0;3000.0;28.0;5.0;10.0;80.0;8509.0;26.0;1.0;1.0;yes
Design;1;14.0;0.0;499.0;63.0;19999.0;40.0;4.0;5.0;5899.0;16512.0;16.0;1.0;1.0;yes
Design;1;1.0;0.0;257.0;8.0;5000.0;60.0;8.0;1.0;5000.0;2330.0;4.0;0.0;0.0;yes
Design;1;30.0;6.0;422.0;56.0;12000.0;37.0;7.0;10.0;900.0;13788.0;46.0;1.0;1.0;yes
Design;1;28.0;0.0;379.0;60.0;6743.0;28.0;6.0;9.0;745.0;8307.0;40.0;1.0;1.0;yes
Design;1;7.0;0.0;504.0;25.0;29000.0;30.0;9.0;1.0;1000.0;6565.0;19.0;1.0;1.0;yes
Design;0;10.0;29.0;10.0;47.0;200.0;15.0;5.0;12.0;90.0;398.0;7.0;0.0;0.0;yes
Design;1;9.0;3.0;526.0;30.0;1400.0;35.0;2.0;19.0;24.0;6458.0;12.0;1.0;1.0;yes
Design;1;0.0;0.0;530.0;51.0;9000.0;30.0;10.0;20.0;2500.0;3359.0;4.0;1.0;1.0;yes
Design;0;0.0;5.0;394.0;60.0;766.25;15.0;9.0;0.76;39.0;4637.0;32.0;2.0;1.0;yes
Design;0;8.0;2.0;235.0;61.0;10000.0;35.0;19.0;1.0;750.0;2985.0;37.0;1.0;1.0;yes
Design;0;26.0;0.0;353.0;55.0;15000.0;30.0;15.0;1.0;1000.0;4396.0;11.0;1.0;1.0;yes
Design;1;107.0;12.0;357.0;61.0;10000.0;42.0;11.0;1.0;269.0;4475.0;31.0;1.0;1.0;yes
Design;0;4.0;0.0;297.0;41.0;1131.84;34.0;7.0;1.09;218.0;4271.0;33.0;2.0;1.0;yes
Design;1;5.0;0.0;292.0;39.0;5000.0;29.0;13.0;2.0;69.0;7709.0;17.0;2.0;1.0;yes
Design;0;2.0;0.0;511.0;55.0;34538.28;33.0;15.0;7.0;1046.0;12053.0;20.0;2.0;1.0;yes
Design;1;47.0;0.0;513.0;58.0;2298.75;60.0;11.0;0.7;316.0;6104.0;53.0;1.0;1.0;yes
Design;0;0.0;2.0;156.0;22.0;2263.67;35.0;5.0;1.09;71.0;693.0;4.0;1.0;1.0;yes
Design;1;55.0;0.0;518.0;63.0;40000.0;30.0;12.0;10.0;5000.0;5889.0;34.0;1.0;1.0;yes
Design;0;3.0;0.0;496.0;24.0;50000.0;55.0;11.0;1.0;10000.0;7941.0;17.0;1.0;1.0;yes
Design;1;4.0;0.0;330.0;28.0;15000.0;30.0;14.0;5.0;2500.0;4512.0;18.0;1.0;1.0;yes
Design;1;1.0;2.0;521.0;43.0;4980.0;30.0;12.0;5.0;3300.0;21308.0;14.0;1.0;1.0;yes
Design;0;1.0;0.0;266.0;30.0;383.12;32.0;8.0;4.0;92.0;4235.0;3.0;1.0;1.0;yes
Design;1;0.0;0.0;54.0;52.0;3597.74;54.0;17.0;1.45;754.0;5250.0;26.0;1.0;1.0;yes
Design;0;11.0;0.0;660.0;30.0;42000.0;32.0;7.0;5.0;199.0;4213.0;5.0;1.0;1.0;yes
Design;1;1.0;0.0;519.0;52.0;25000.0;30.0;11.0;5.0;5000.0;2636.0;5.0;1.0;1.0;yes
Design;1;25.0;6.0;373.0;40.0;250.0;30.0;2.0;2.0;15.0;2312.0;19.0;0.0;0.0;yes
Design;0;6.0;0.0;57.0;54.0;10000.0;32.0;7.0;2.0;270.0;10804.0;27.0;1.0;1.0;yes
Design;0;0.0;0.0;502.0;59.0;1000.0;30.0;7.0;1.0;25.0;7371.0;15.0;1.0;1.0;yes
Design;0;0.0;0.0;292.0;54.0;20000.0;58.0;7.0;20.0;1050.0;5785.0;20.0;2.0;1.0;yes
Design;0;10.0;0.0;267.0;61.0;30000.0;53.0;10.0;10.0;100.0;1632.0;31.0;2.0;1.0;yes
Design;1;30.0;3.0;513.0;29.0;19156.25;28.0;11.0;10.0;510.0;15853.0;28.0;1.0;1.0;yes
Design;0;1.0;5.0;310.0;71.0;999.0;60.0;9.0;5.0;108.0;4532.0;15.0;1.0;1.0;yes
Design;1;26.0;0.0;394.0;71.0;10000.0;38.0;12.0;5.0;5000.0;7984.0;28.0;1.0;1.0;yes
Design;1;0.0;0.0;440.0;33.0;1899.61;30.0;4.0;1.39;24.0;4742.0;9.0;1.0;1.0;yes
Design;0;2.0;0.0;386.0;48.0;20000.0;45.0;10.0;5.0;8000.0;2573.0;24.0;1.0;1.0;yes
Video;0;28.0;2.0;293.0;48.0;45000.0;30.0;17.0;1.0;1500.0;6726.0;14.0;1.0;1.0;yes
Video;1;1.0;0.0;499.0;38.0;300.0;15.0;5.0;10.0;100.0;1648.0;1.0;1.0;1.0;yes
Video;0;0.0;0.0;240.0;39.0;12000.0;30.0;10.0;5.0;1500.0;9210.0;10.0;1.0;1.0;yes
Video;0;2.0;0.0;178.0;12.0;4000.0;35.0;16.0;3.0;1000.0;1579.0;1.0;1.0;1.0;yes
Video;1;0.0;0.0;224.0;72.0;1500.0;14.0;5.0;5.0;200.0;2542.0;0.0;1.0;1.0;yes
Video;0;4.0;0.0;394.0;42.0;155000.0;30.0;16.0;1.0;5000.0;14100.0;15.0;1.0;1.0;yes
Video;1;3.0;0.0;499.0;8.0;3000.0;25.0;6.0;5.0;1000.0;3840.0;11.0;4.0;1.0;yes
Video;1;0.0;0.0;63.0;19.0;13462.0;30.0;18.0;5.0;2000.0;673.0;45.0;1.0;1.0;yes
Video;1;8.0;4.0;500.0;45.0;30000.0;30.0;29.0;5.0;4000.0;13496.0;21.0;1.0;1.0;yes
Video;0;13.0;2.0;362.0;41.0;110000.0;34.0;25.0;1.0;5000.0;13991.0;44.0;1.0;1.0;yes
Video;0;0.0;0.0;164.0;50.0;400.0;30.0;1.0;15.0;15.0;1449.0;0.0;0.0;0.0;yes
Video;1;2.0;0.0;208.0;57.0;50000.0;60.0;14.0;5.0;10000.0;7484.0;26.0;1.0;1.0;yes
Video;0;1.0;0.0;500.0;16.0;80000.0;60.0;8.0;1.0;5000.0;16272.0;12.0;1.0;1.0;no
Video;1;0.0;0.0;155.0;24.0;10000.0;60.0;2.0;50.0;150.0;828.0;0.0;1.0;1.0;no
Video;0;14.0;16.0;141.0;57.0;200000.0;30.0;13.0;5.0;10000.0;16697.0;48.0;1.0;1.0;no
Video;1;0.0;0.0;504.0;16.0;125000.0;30.0;1.0;5.0;5.0;643.0;0.0;1.0;1.0;no
Video;0;3.0;0.0;425.0;60.0;5500.0;30.0;22.0;4.0;1000.0;11594.0;28.0;2.0;1.0;no
Video;1;8.0;3.0;207.0;24.0;150000.0;35.0;2.0;10.0;25.0;1254.0;0.0;1.0;1.0;no
Video;0;0.0;2.0;131.0;33.0;11493.75;30.0;1.0;151.0;151.0;1098.0;0.0;0.0;0.0;no
Video;0;0.0;0.0;498.0;38.0;10000.0;26.0;6.0;1.0;100.0;3400.0;0.0;1.0;1.0;no
Video;0;7.0;0.0;104.0;64.0;13365.0;30.0;10.0;5.0;500.0;1308.0;5.0;1.0;1.0;no
Video;0;0.0;0.0;104.0;6.0;3000.0;60.0;8.0;15.0;250.0;1684.0;1.0;0.0;0.0;no
Video;0;0.0;0.0;450.0;15.0;5000.0;30.0;7.0;10.0;1500.0;655.0;0.0;0.0;0.0;no
Video;0;0.0;0.0;252.0;13.0;2000.0;30.0;2.0;10.0;25.0;256.0;0.0;1.0;1.0;no
Video;1;0.0;0.0;513.0;60.0;67910.1;30.0;7.0;2.17;326.0;5155.0;0.0;1.0;1.0;no
Video;0;0.0;0.0;509.0;5.0;15000.0;30.0;5.0;50.0;3500.0;1089.0;0.0;1.0;1.0;no
Video;1;0.0;2.0;499.0;53.0;30000.0;30.0;5.0;1.0;3000.0;1050.0;3.0;1.0;1.0;no
Video;1;0.0;2.0;499.0;53.0;80000.0;30.0;7.0;10.0;200.0;3493.0;3.0;0.0;0.0;no
Video;0;0.0;0.0;222.0;46.0;14147.94;40.0;11.0;6.0;1710.0;6839.0;2.0;1.0;1.0;no
Video;1;19.0;2.0;398.0;44.0;22987.5;60.0;17.0;0.74;5543.0;9295.0;21.0;1.0;1.0;no
Video;1;1.0;0.0;525.0;50.0;350000.0;30.0;20.0;1.0;10000.0;9181.0;9.0;1.0;1.0;no
Video;0;11.0;2.0;544.0;54.0;70000.0;40.0;10.0;5.0;10000.0;1098.0;7.0;2.0;1.0;no
Video;0;0.0;0.0;514.0;23.0;383125.0;60.0;4.0;7.0;706.0;2987.0;1.0;0.0;0.0;no
Video;0;15.0;0.0;526.0;25.0;30000.0;34.0;22.0;1.0;10000.0;9803.0;10.0;1.0;1.0;yes
Video;1;1.0;0.0;367.0;12.0;8000.0;45.0;9.0;5.0;1000.0;2874.0;0.0;1.0;1.0;yes
Video;0;5.0;4.0;316.0;42.0;51000.0;41.0;26.0;25.0;10000.0;8330.0;9.0;1.0;1.0;yes
Video;1;0.0;0.0;512.0;21.0;9915.0;32.0;7.0;10.0;500.0;6538.0;8.0;1.0;1.0;yes
Video;0;0.0;0.0;180.0;53.0;1000.0;15.0;6.0;10.0;150.0;811.0;1.0;1.0;1.0;yes
Video;1;0.0;2.0;505.0;49.0;1500.0;30.0;9.0;5.0;85.0;2412.0;0.0;1.0;1.0;yes
Video;0;5.0;0.0;499.0;54.0;1000.0;22.0;9.0;1.0;250.0;5734.0;0.0;1.0;1.0;yes
Video;1;1.0;0.0;504.0;51.0;15000.0;29.0;11.0;15.0;1000.0;7830.0;9.0;1.0;1.0;yes
Video;0;0.0;0.0;185.0;16.0;683.57;30.0;2.0;7.0;143.0;2383.0;0.0;0.0;0.0;yes
Video;1;0.0;0.0;497.0;16.0;5000.0;31.0;8.0;5.0;1000.0;2175.0;7.0;1.0;1.0;yes
Video;0;2.0;0.0;527.0;36.0;26000.0;29.0;14.0;10.0;10000.0;8776.0;6.0;1.0;1.0;yes
Video;0;0.0;0.0;269.0;19.0;574.69;30.0;1.0;4.0;4.0;1489.0;3.0;1.0;1.0;yes
Video;1;9.0;0.0;495.0;46.0;2500.0;31.0;7.0;1.0;200.0;10783.0;9.0;1.0;1.0;yes
Video;1;25.0;0.0;522.0;60.0;55000.0;30.0;21.0;1.0;10000.0;5893.0;5.0;1.0;1.0;yes
Video;1;3.0;0.0;166.0;18.0;25184.16;30.0;16.0;14.0;3560.0;6738.0;9.0;1.0;1.0;yes
Video;1;2.0;0.0;496.0;48.0;25000.0;30.0;9.0;5.0;5000.0;28293.0;9.0;1.0;1.0;yes
Video;0;5.0;0.0;145.0;20.0;11512.76;28.0;10.0;22.0;1438.0;5682.0;14.0;1.0;1.0;yes
Video;1;2.0;0.0;507.0;11.0;11000.0;30.0;10.0;10.0;3000.0;2110.0;2.0;2.0;1.0;yes
Video;0;1.0;0.0;210.0;46.0;15325.0;30.0;17.0;8.0;4900.0;12298.0;10.0;1.0;1.0;yes
Video;1;0.0;2.0;315.0;26.0;6000.0;30.0;9.0;1.0;500.0;5893.0;3.0;1.0;1.0;yes
Video;1;18.0;0.0;245.0;16.0;30000.0;46.0;12.0;1.0;1000.0;4775.0;1.0;1.0;1.0;yes
Video;1;0.0;2.0;520.0;25.0;10000.0;21.0;6.0;25.0;1000.0;5081.0;7.0;1.0;1.0;yes
Video;0;0.0;0.0;520.0;44.0;4597.5;40.0;8.0;7.0;3728.0;7382.0;13.0;1.0;1.0;yes
Video;0;0.0;0.0;395.0;57.0;2000.0;31.0;7.0;10.0;2000.0;6500.0;4.0;1.0;1.0;yes
Video;0;26.0;0.0;511.0;34.0;75000.0;30.0;21.0;10.0;10000.0;23489.0;42.0;1.0;1.0;yes
Video;0;0.0;0.0;304.0;30.0;250.0;30.0;1.0;25.0;25.0;2396.0;0.0;1.0;1.0;yes
Video;1;5.0;2.0;117.0;28.0;5000.0;7.0;13.0;2.0;600.0;5232.0;12.0;1.0;1.0;yes
Video;1;0.0;2.0;504.0;49.0;575.64;30.0;4.0;1.45;29.0;1878.0;0.0;1.0;1.0;yes
Video;1;1.0;0.0;554.0;23.0;8634.57;20.0;6.0;36.0;7173.0;6542.0;6.0;1.0;1.0;yes
Video;1;0.0;0.0;499.0;37.0;1915.62;31.0;8.0;4.0;769.0;7458.0;13.0;1.0;1.0;yes
Video;1;0.0;0.0;503.0;52.0;25000.0;30.0;11.0;5.0;5000.0;8320.0;6.0;2.0;1.0;yes
Video;1;1.0;0.0;311.0;57.0;2158.64;30.0;5.0;1.45;724.0;5992.0;7.0;1.0;1.0;yes
Video;1;1.0;0.0;466.0;30.0;5000.0;46.0;13.0;5.0;3000.0;5387.0;3.0;1.0;1.0;yes
Video;1;1.0;0.0;64.0;15.0;500.0;20.0;4.0;10.0;100.0;1120.0;0.0;1.0;1.0;yes
Video;1;0.0;0.0;557.0;54.0;5319.62;60.0;14.0;6.0;2232.0;7825.0;14.0;1.0;1.0;yes
Video;1;0.0;0.0;512.0;19.0;1007.37;40.0;2.0;28.0;71.0;3570.0;0.0;1.0;1.0;yes
Video;0;0.0;2.0;349.0;41.0;7195.48;45.0;11.0;7.0;697.0;6255.0;3.0;1.0;1.0;yes
Video;1;3.0;0.0;527.0;56.0;12000.0;31.0;19.0;1.0;5000.0;10256.0;1.0;1.0;1.0;yes
Video;0;0.0;0.0;507.0;57.0;5000.0;30.0;9.0;25.0;1000.0;5577.0;6.0;1.0;1.0;yes
Video;1;0.0;0.0;513.0;41.0;650.0;16.0;5.0;1.0;100.0;2322.0;5.0;1.0;1.0;yes
Video;0;0.0;0.0;538.0;56.0;6000.0;30.0;10.0;1.0;1000.0;4783.0;5.0;1.0;1.0;yes
Video;0;0.0;0.0;499.0;27.0;5000.0;21.0;6.0;10.0;1000.0;4119.0;4.0;1.0;1.0;yes
Video;1;19.0;2.0;221.0;13.0;1500.0;31.0;7.0;1.0;100.0;4958.0;2.0;1.0;1.0;yes
Video;1;0.0;0.0;605.0;28.0;4527.34;30.0;7.0;11.0;223.0;5176.0;0.0;1.0;1.0;yes
Video;1;0.0;0.0;502.0;18.0;6000.0;21.0;5.0;20.0;500.0;2484.0;3.0;1.0;1.0;yes
Video;1;8.0;0.0;62.0;37.0;5500.0;30.0;9.0;5.0;300.0;2876.0;3.0;1.0;1.0;yes
Video;0;2.0;0.0;512.0;17.0;1079.32;16.0;5.0;7.0;106.0;3208.0;0.0;0.0;0.0;yes
Video;1;3.0;0.0;506.0;16.0;5500.0;31.0;8.0;10.0;1000.0;10224.0;14.0;2.0;1.0;yes
Video;0;0.0;0.0;509.0;30.0;15325.0;45.0;11.0;0.73;2186.0;9906.0;8.0;1.0;1.0;yes
Video;1;0.0;0.0;594.0;60.0;6000.0;30.0;3.0;5.0;200.0;4812.0;0.0;0.0;0.0;yes
Video;0;23.0;2.0;547.0;28.0;500000.0;31.0;32.0;10.0;25000.0;18091.0;27.0;1.0;1.0;yes
Video;1;14.0;3.0;503.0;27.0;30000.0;35.0;21.0;1.0;9900.0;4097.0;3.0;1.0;1.0;yes
Video;1;6.0;5.0;285.0;60.0;3500.0;30.0;9.0;5.0;2500.0;2855.0;3.0;1.0;1.0;yes
Video;1;0.0;3.0;220.0;26.0;143.91;28.0;3.0;7.0;28.0;1096.0;0.0;1.0;1.0;yes
Video;1;11.0;0.0;385.0;12.0;70000.0;30.0;28.0;1.0;10000.0;9958.0;11.0;0.0;0.0;yes
Video;1;0.0;0.0;149.0;80.0;38482.39;40.0;10.0;1.11;1106.0;7219.0;15.0;1.0;1.0;yes
Video;1;11.0;0.0;490.0;42.0;40000.0;30.0;13.0;5.0;10000.0;9493.0;12.0;1.0;1.0;yes
Video;0;27.0;0.0;502.0;60.0;43172.85;30.0;17.0;14.0;7104.0;11626.0;9.0;1.0;1.0;yes
Video;0;0.0;0.0;161.0;16.0;3961.42;40.0;11.0;3.0;1659.0;7737.0;18.0;1.0;1.0;yes
Video;0;8.0;0.0;526.0;50.0;60000.0;35.0;22.0;1.0;10000.0;4921.0;5.0;1.0;1.0;yes
Video;1;6.0;0.0;510.0;11.0;5000.0;21.0;7.0;5.0;500.0;2940.0;4.0;1.0;1.0;yes
Video;0;1.0;0.0;500.0;21.0;3395.5;31.0;7.0;6.0;550.0;3404.0;2.0;1.0;1.0;yes
Video;1;2.0;0.0;360.0;10.0;431.73;40.0;3.0;1.4;28.0;6436.0;11.0;1.0;1.0;yes
Video;0;0.0;0.0;535.0;51.0;5000.0;30.0;7.0;10.0;1000.0;1904.0;0.0;1.0;1.0;yes
Video;1;2.0;0.0;224.0;59.0;12000.0;30.0;10.0;10.0;5000.0;3269.0;0.0;1.0;1.0;yes
Video;1;0.0;0.0;500.0;40.0;6000.0;60.0;7.0;1.0;1000.0;5489.0;0.0;1.0;1.0;yes
Video;0;16.0;0.0;349.0;9.0;35000.0;33.0;14.0;5.0;10000.0;6804.0;7.0;1.0;1.0;yes
Video;1;4.0;0.0;491.0;19.0;4000.0;16.0;5.0;10.0;1000.0;8611.0;0.0;1.0;1.0;yes
Video;0;0.0;0.0;25.0;37.0;1500.0;22.0;7.0;5.0;200.0;2987.0;3.0;1.0;1.0;yes
Video;1;2.0;0.0;498.0;23.0;3000.0;32.0;10.0;1.0;2000.0;3130.0;5.0;1.0;1.0;yes
Video;0;3.0;0.0;61.0;18.0;1000.0;23.0;6.0;10.0;500.0;4648.0;8.0;1.0;1.0;yes
Video;1;1.0;0.0;503.0;46.0;10000.0;30.0;9.0;5.0;1000.0;7385.0;0.0;1.0;1.0;yes
Video;0;53.0;2.0;558.0;29.0;4000.0;30.0;25.0;1.0;500.0;6212.0;7.0;1.0;1.0;yes
Video;1;4.0;0.0;393.0;8.0;6000.0;26.0;8.0;1.0;500.0;4228.0;6.0;1.0;1.0;yes
Video;1;0.0;0.0;158.0;20.0;503.68;25.0;5.0;1.45;506.0;930.0;0.0;0.0;0.0;yes
Video;1;7.0;0.0;494.0;10.0;4894.0;25.0;6.0;1.0;500.0;1433.0;0.0;1.0;1.0;yes
Video;1;9.0;0.0;189.0;36.0;3800.0;30.0;11.0;1.0;1000.0;8246.0;12.0;1.0;1.0;yes
Video;0;13.0;3.0;287.0;35.0;3200.0;40.0;8.0;1.0;500.0;6803.0;10.0;2.0;1.0;yes
Video;1;0.0;0.0;454.0;63.0;4500.0;30.0;4.0;25.0;500.0;1940.0;4.0;1.0;1.0;yes
Video;1;5.0;0.0;226.0;25.0;600.0;21.0;9.0;1.0;500.0;1162.0;6.0;1.0;1.0;yes
Video;0;24.0;0.0;500.0;16.0;9000.0;30.0;21.0;1.0;9000.0;15415.0;36.0;1.0;1.0;yes
Video;1;5.0;2.0;470.0;21.0;2800.0;23.0;6.0;10.0;400.0;2172.0;3.0;1.0;1.0;yes
Video;1;19.0;0.0;223.0;52.0;18000.0;30.0;15.0;1.0;5000.0;6937.0;6.0;1.0;1.0;yes
Video;1;6.0;0.0;505.0;61.0;25000.0;30.0;17.0;10.0;5000.0;11375.0;19.0;1.0;1.0;yes
Video;1;2.0;0.0;348.0;15.0;7078.0;31.0;9.0;1.0;2500.0;6532.0;8.0;2.0;1.0;yes
Video;1;0.0;0.0;361.0;28.0;2500.0;60.0;9.0;1.0;1000.0;3186.0;0.0;0.0;0.0;no
Video;0;3.0;0.0;379.0;32.0;52000.0;32.0;8.0;10.0;5000.0;4410.0;11.0;1.0;1.0;no
Video;0;13.0;3.0;174.0;44.0;30000.0;30.0;8.0;10.0;10000.0;10246.0;14.0;1.0;1.0;no
Video;0;0.0;0.0;498.0;48.0;750.0;30.0;4.0;10.0;100.0;1012.0;0.0;1.0;1.0;no
Video;1;0.0;0.0;359.0;22.0;10000.0;30.0;1.0;25.0;25.0;468.0;0.0;0.0;0.0;no
Video;0;0.0;0.0;124.0;16.0;88888.0;35.0;15.0;1.0;10000.0;3452.0;45.0;6.0;1.0;no
Video;1;0.0;0.0;280.0;16.0;75000.0;30.0;3.0;50.0;1000.0;585.0;0.0;1.0;1.0;no
Video;1;0.0;0.0;506.0;53.0;15000.0;30.0;9.0;1.0;2500.0;3193.0;1.0;1.0;1.0;no
Video;1;5.0;2.0;153.0;16.0;8400.0;14.0;9.0;5.0;2000.0;4818.0;11.0;1.0;1.0;no
Video;1;3.0;0.0;506.0;60.0;400.0;15.0;1.0;10.0;10.0;2839.0;1.0;1.0;1.0;no
Video;1;1.0;0.0;18.0;6.0;1500.0;21.0;6.0;1.0;500.0;1509.0;0.0;1.0;1.0;no
Video;1;0.0;0.0;500.0;58.0;40000.0;30.0;5.0;25.0;500.0;6053.0;0.0;1.0;1.0;no
Video;0;1.0;0.0;499.0;7.0;7195.48;30.0;8.0;7.0;1423.0;6959.0;8.0;1.0;1.0;yes
Video;0;3.0;0.0;524.0;46.0;647.59;30.0;4.0;1.42;71.0;1744.0;2.0;1.0;1.0;yes
Video;1;48.0;0.0;500.0;37.0;1200.0;30.0;14.0;5.0;275.0;5039.0;5.0;1.0;1.0;yes
Video;0;3.0;0.0;248.0;11.0;791.5;30.0;6.0;4.0;358.0;686.0;13.0;0.0;0.0;yes
Video;1;3.0;0.0;499.0;29.0;15000.0;30.0;15.0;5.0;1000.0;10123.0;17.0;2.0;1.0;yes
Video;0;0.0;0.0;518.0;18.0;1680.0;16.0;3.0;25.0;75.0;1897.0;0.0;0.0;0.0;yes
Video;1;2.0;0.0;499.0;61.0;5000.0;30.0;12.0;1.0;1000.0;11171.0;10.0;1.0;1.0;yes
Video;0;0.0;0.0;278.0;61.0;1000.0;30.0;3.0;5.0;200.0;3988.0;0.0;1.0;1.0;yes
Video;1;0.0;0.0;268.0;25.0;1000.0;9.0;1.0;10.0;10.0;749.0;0.0;1.0;1.0;yes
Video;1;1.0;0.0;500.0;24.0;500.0;30.0;6.0;25.0;1000.0;1594.0;0.0;1.0;1.0;yes
Video;1;1.0;0.0;499.0;26.0;8000.0;30.0;13.0;1.0;1000.0;2310.0;0.0;1.0;1.0;yes
Video;1;6.0;3.0;141.0;53.0;3597.74;35.0;10.0;1.42;3552.0;7001.0;45.0;1.0;1.0;yes
Video;1;5.0;4.0;500.0;46.0;700.0;26.0;11.0;5.0;120.0;3943.0;1.0;1.0;1.0;yes
Video;1;1.0;0.0;490.0;17.0;1149.38;30.0;14.0;8.0;3769.0;4383.0;0.0;1.0;1.0;yes
Video;1;0.0;0.0;157.0;5.0;5000.0;25.0;7.0;1.0;1000.0;3377.0;11.0;1.0;1.0;yes
Video;1;0.0;0.0;96.0;50.0;1414.79;21.0;7.0;2.28;228.0;2316.0;4.0;1.0;1.0;yes
Video;1;0.0;0.0;126.0;33.0;1697.75;19.0;13.0;6.0;570.0;4411.0;0.0;1.0;1.0;yes
Video;0;1.0;0.0;351.0;20.0;1439.1;17.0;5.0;7.0;142.0;1076.0;0.0;0.0;0.0;yes
Video;1;0.0;0.0;507.0;15.0;7195.48;30.0;9.0;14.0;1410.0;8172.0;0.0;1.0;1.0;yes
Video;0;2.0;0.0;509.0;31.0;10000.0;30.0;10.0;1.0;1000.0;9340.0;9.0;1.0;1.0;yes
Video;0;0.0;0.0;504.0;5.0;3597.74;25.0;7.0;14.0;1413.0;12362.0;7.0;1.0;1.0;yes
Video;1;0.0;0.0;303.0;39.0;2681.88;30.0;11.0;4.0;766.0;3825.0;7.0;1.0;1.0;yes
Video;0;15.0;0.0;499.0;14.0;6000.0;4.0;12.0;1.0;2500.0;10814.0;24.0;1.0;1.0;yes
Video;1;0.0;0.0;34.0;8.0;2000.0;30.0;8.0;5.0;500.0;2601.0;0.0;1.0;1.0;yes
Video;0;0.0;0.0;165.0;27.0;1149.38;30.0;7.0;4.0;385.0;6042.0;13.0;1.0;1.0;yes
Video;0;0.0;0.0;498.0;14.0;15000.0;30.0;12.0;1.0;5000.0;3536.0;0.0;1.0;1.0;yes
Video;0;0.0;0.0;524.0;38.0;9000.0;35.0;8.0;15.0;2000.0;8291.0;10.0;1.0;1.0;yes
Video;1;0.0;0.0;455.0;19.0;15000.0;21.0;9.0;3.0;10000.0;6094.0;0.0;1.0;1.0;yes
Video;1;1.0;0.0;229.0;6.0;503.68;30.0;3.0;7.0;29.0;4084.0;9.0;0.0;0.0;yes
Video;1;28.0;0.0;544.0;25.0;1600.0;25.0;13.0;1.0;1000.0;3234.0;14.0;1.0;1.0;yes
Video;0;29.0;2.0;504.0;15.0;7500.0;25.0;11.0;5.0;1000.0;4852.0;6.0;1.0;1.0;yes
Video;1;0.0;0.0;507.0;56.0;28781.9;45.0;18.0;2.79;6971.0;5073.0;14.0;1.0;1.0;yes
Video;0;0.0;2.0;147.0;11.0;421.44;30.0;6.0;4.0;75.0;2905.0;0.0;0.0;0.0;yes
Video;0;0.0;0.0;500.0;22.0;4500.0;30.0;11.0;5.0;1000.0;3431.0;16.0;1.0;1.0;yes
Video;1;2.0;2.0;507.0;8.0;1200.0;10.0;6.0;10.0;500.0;3206.0;0.0;1.0;1.0;yes
Video;0;1.0;0.0;37.0;8.0;120.0;8.0;5.0;1.0;20.0;906.0;0.0;1.0;1.0;yes
Video;1;1.0;0.0;492.0;45.0;2900.0;31.0;7.0;15.0;500.0;8242.0;6.0;1.0;1.0;yes
Video;0;0.0;2.0;393.0;24.0;3000.0;30.0;11.0;1.0;1000.0;5092.0;11.0;1.0;1.0;yes
Video;0;0.0;0.0;292.0;22.0;1439.1;30.0;8.0;1.44;719.0;5802.0;9.0;1.0;1.0;yes
Video;0;2.0;0.0;52.0;32.0;2000.0;30.0;5.0;15.0;500.0;4639.0;4.0;1.0;1.0;yes
Video;0;0.0;0.0;513.0;20.0;143.91;30.0;1.0;7.0;7.0;2044.0;0.0;0.0;0.0;yes
Video;0;0.0;0.0;180.0;16.0;863.46;40.0;5.0;14.0;141.0;2151.0;0.0;0.0;0.0;yes
Video;0;0.0;0.0;75.0;26.0;300.0;8.0;6.0;1.0;100.0;1893.0;0.0;1.0;1.0;yes
Video;1;0.0;0.0;546.0;23.0;565.92;25.0;6.0;1.12;56.0;7011.0;0.0;0.0;0.0;yes
Video;1;0.0;0.0;528.0;4.0;8202.84;30.0;9.0;1.43;716.0;4129.0;0.0;1.0;1.0;yes
Video;1;0.0;2.0;392.0;14.0;10000.0;31.0;8.0;10.0;2500.0;8930.0;9.0;0.0;0.0;yes
Video;1;32.0;0.0;529.0;12.0;5000.0;20.0;9.0;1.0;1000.0;2565.0;2.0;1.0;1.0;yes
Video;1;7.0;2.0;500.0;28.0;7000.0;30.0;9.0;1.0;2000.0;9610.0;0.0;1.0;1.0;yes
Video;1;1.0;0.0;303.0;40.0;10000.0;32.0;5.0;1.0;1000.0;3652.0;0.0;1.0;1.0;yes
Video;1;5.0;0.0;163.0;47.0;2500.0;30.0;9.0;1.0;150.0;6424.0;7.0;1.0;1.0;yes
Video;0;1.0;0.0;529.0;29.0;7915.02;27.0;7.0;1.43;716.0;3771.0;3.0;1.0;1.0;yes
Video;1;0.0;0.0;507.0;29.0;2158.64;35.0;5.0;7.0;279.0;3963.0;0.0;0.0;0.0;yes
Video;1;1.0;0.0;503.0;51.0;3831.25;30.0;10.0;8.0;750.0;13117.0;20.0;1.0;1.0;yes
Video;0;0.0;0.0;166.0;21.0;1870.82;25.0;5.0;7.0;143.0;3507.0;3.0;1.0;1.0;yes
Video;1;0.0;0.0;597.0;35.0;2263.67;45.0;6.0;6.0;223.0;15199.0;5.0;1.0;1.0;yes
Video;0;2.0;0.0;516.0;6.0;2158.64;30.0;6.0;36.0;1423.0;3015.0;0.0;1.0;1.0;yes
Video;1;0.0;0.0;406.0;30.0;2878.19;30.0;10.0;7.0;427.0;3411.0;10.0;1.0;1.0;yes
Video;1;3.0;0.0;492.0;49.0;8000.0;30.0;8.0;5.0;500.0;5578.0;8.0;1.0;1.0;yes
Video;1;4.0;0.0;58.0;47.0;7915.02;19.0;17.0;1.43;714.0;4491.0;9.0;1.0;1.0;yes
Video;0;0.0;0.0;500.0;14.0;2500.0;31.0;6.0;5.0;500.0;6509.0;13.0;1.0;1.0;yes
Video;0;0.0;0.0;512.0;11.0;287.82;30.0;1.0;7.0;7.0;3105.0;6.0;0.0;0.0;yes
Video;0;0.0;0.0;199.0;16.0;565.92;22.0;4.0;5.0;55.0;1029.0;0.0;1.0;1.0;yes
Video;1;3.0;2.0;509.0;26.0;7500.0;38.0;4.0;25.0;500.0;5363.0;11.0;1.0;1.0;yes
Video;0;0.0;0.0;334.0;19.0;503.68;20.0;4.0;7.0;43.0;2161.0;0.0;1.0;1.0;yes
Video;1;2.0;0.0;500.0;36.0;4000.0;19.0;7.0;1.0;250.0;1792.0;3.0;1.0;1.0;yes
Video;1;8.0;0.0;499.0;20.0;12500.0;31.0;11.0;5.0;1009.0;3903.0;6.0;1.0;1.0;yes
Video;1;1.0;0.0;64.0;48.0;4000.0;30.0;8.0;10.0;1000.0;1069.0;0.0;0.0;0.0;yes
Video;1;0.0;0.0;529.0;14.0;10.0;15.0;1.0;1.0;1.0;579.0;0.0;0.0;0.0;yes
Video;0;0.0;0.0;536.0;59.0;3000.0;45.0;8.0;5.0;1000.0;4663.0;0.0;1.0;1.0;yes
Video;1;0.0;0.0;141.0;15.0;4500.0;25.0;8.0;10.0;1000.0;4248.0;2.0;1.0;1.0;yes
Video;1;0.0;0.0;341.0;20.0;574.69;38.0;9.0;0.76;57.0;4397.0;0.0;1.0;1.0;yes
Video;0;0.0;0.0;91.0;49.0;3150.0;25.0;4.0;25.0;500.0;2534.0;1.0;1.0;1.0;yes
Video;1;1.0;0.0;522.0;42.0;6000.0;21.0;7.0;10.0;1000.0;2325.0;2.0;1.0;1.0;yes
Video;1;0.0;0.0;500.0;26.0;1000.0;45.0;3.0;25.0;100.0;2348.0;0.0;1.0;1.0;yes
Video;1;2.0;0.0;441.0;6.0;11000.0;30.0;27.0;1.0;5000.0;8372.0;8.0;1.0;1.0;yes
Video;1;0.0;0.0;255.0;43.0;5000.0;30.0;11.0;1.0;5000.0;2321.0;1.0;1.0;1.0;yes
Video;0;10.0;3.0;496.0;59.0;150000.0;31.0;27.0;5.0;10000.0;5540.0;8.0;1.0;1.0;yes
Video;0;0.0;0.0;343.0;30.0;1500.0;30.0;7.0;5.0;250.0;2114.0;0.0;1.0;1.0;yes
Video;0;11.0;0.0;510.0;10.0;30000.0;31.0;28.0;5.0;5000.0;20035.0;12.0;2.0;1.0;yes
Video;1;2.0;0.0;506.0;9.0;1532.5;21.0;12.0;1.51;378.0;2835.0;4.0;1.0;1.0;yes
Video;1;0.0;0.0;264.0;12.0;15000.0;30.0;7.0;5.0;500.0;2257.0;5.0;1.0;1.0;no
Video;1;0.0;0.0;225.0;26.0;700.0;29.0;3.0;5.0;50.0;1597.0;0.0;1.0;1.0;no
Video;1;0.0;2.0;387.0;40.0;3831.25;19.0;6.0;8.0;771.0;1894.0;0.0;1.0;1.0;no
Video;0;0.0;0.0;535.0;43.0;8700.0;30.0;12.0;1.0;2000.0;5418.0;0.0;1.0;1.0;no
Video;1;0.0;0.0;365.0;34.0;2700.0;60.0;1.0;20.0;20.0;1343.0;0.0;1.0;1.0;no
Video;0;0.0;0.0;512.0;57.0;21586.42;30.0;10.0;7.0;5018.0;9854.0;19.0;1.0;1.0;no
Video;1;0.0;0.0;556.0;7.0;6791.01;29.0;2.0;114.0;341.0;760.0;0.0;1.0;1.0;no
Video;0;0.0;0.0;290.0;16.0;15000.0;30.0;4.0;15.0;1500.0;1455.0;0.0;0.0;0.0;no
Video;1;9.0;0.0;504.0;23.0;20000.0;60.0;11.0;5.0;3000.0;2211.0;0.0;1.0;1.0;no
Video;0;0.0;0.0;499.0;59.0;25000.0;51.0;9.0;1.0;5000.0;4291.0;5.0;0.0;0.0;no
Video;0;0.0;0.0;371.0;21.0;1500.0;30.0;7.0;1.0;200.0;2667.0;0.0;1.0;1.0;no
Video;0;0.0;0.0;285.0;21.0;15000.0;60.0;2.0;1000.0;5000.0;4048.0;0.0;1.0;1.0;no
Video;0;0.0;0.0;364.0;64.0;80000.0;30.0;12.0;2.0;10000.0;4917.0;11.0;1.0;1.0;no
Video;1;0.0;0.0;21.0;26.0;2200.0;30.0;1.0;25.0;25.0;413.0;0.0;1.0;1.0;no
Video;1;1.0;0.0;180.0;35.0;3000.0;60.0;6.0;5.0;500.0;2010.0;0.0;0.0;0.0;no
Video;0;0.0;0.0;124.0;14.0;5000.0;30.0;6.0;15.0;200.0;566.0;0.0;0.0;0.0;no
Video;1;348.0;14.0;247.0;35.0;536.38;28.0;8.0;8.0;188.0;5629.0;2.0;0.0;0.0;no
Video;0;0.0;0.0;281.0;37.0;10000.0;60.0;8.0;5.0;500.0;964.0;0.0;1.0;1.0;no
Video;0;0.0;0.0;496.0;48.0;30000.0;45.0;2.0;10.0;25.0;3040.0;0.0;1.0;1.0;no
Video;1;5.0;0.0;213.0;19.0;975.0;31.0;7.0;1.0;595.0;905.0;2.0;1.0;1.0;no
Video;0;0.0;0.0;337.0;17.0;15000.0;30.0;4.0;100.0;5000.0;1934.0;0.0;1.0;1.0;no
Video;0;0.0;0.0;106.0;37.0;5000.0;30.0;4.0;1.0;25.0;526.0;0.0;0.0;0.0;no
Video;1;0.0;0.0;516.0;10.0;20000.0;30.0;8.0;5.0;1000.0;3207.0;0.0;1.0;1.0;no
Video;1;0.0;0.0;505.0;35.0;5500.0;30.0;8.0;10.0;1000.0;3062.0;0.0;1.0;1.0;no
Video;1;0.0;0.0;118.0;11.0;1149.38;57.0;1.0;14.0;14.0;366.0;0.0;0.0;0.0;no
Video;1;0.0;0.0;327.0;21.0;1000.0;30.0;1.0;1.0;1.0;976.0;0.0;1.0;1.0;no
Video;0;0.0;0.0;442.0;29.0;6500.0;30.0;11.0;5.0;6500.0;3054.0;2.0;1.0;1.0;no
Video;0;0.0;0.0;499.0;19.0;200.0;30.0;3.0;5.0;100.0;1282.0;0.0;1.0;1.0;no
Video;0;0.0;0.0;510.0;51.0;21586.42;35.0;25.0;1.42;2832.0;7415.0;11.0;1.0;1.0;no
Video;1;0.0;0.0;86.0;16.0;7250.0;39.0;5.0;25.0;400.0;323.0;0.0;0.0;0.0;no
Video;1;0.0;0.0;74.0;18.0;10000.0;30.0;3.0;5.0;20.0;314.0;0.0;1.0;1.0;no
Video;1;4.0;0.0;244.0;25.0;450.0;30.0;5.0;1.0;20.0;1979.0;2.0;1.0;1.0;no
Video;1;3.0;0.0;499.0;16.0;25000.0;30.0;10.0;5.0;2500.0;6053.0;7.0;2.0;1.0;no
Video;1;1.0;0.0;129.0;51.0;18000.0;60.0;4.0;5.0;1200.0;1952.0;1.0;0.0;0.0;no
Design;1;1.0;0.0;247.0;59.0;50000.0;30.0;7.0;1.0;9999.0;18605.0;31.0;3.0;1.0;yes
Design;0;0.0;0.0;61.0;25.0;1400.0;20.0;6.0;5.0;500.0;3032.0;7.0;1.0;1.0;yes
Design;0;5.0;2.0;506.0;60.0;5000.0;45.0;7.0;1.0;299.0;4838.0;13.0;3.0;1.0;yes
Design;1;6.0;0.0;520.0;22.0;43196.48;40.0;15.0;1.09;721.0;9671.0;57.0;2.0;1.0;yes
Design;0;0.0;0.0;299.0;60.0;30000.0;31.0;10.0;1.0;2000.0;14556.0;13.0;1.0;1.0;yes
Design;0;1.0;2.0;213.0;34.0;45273.4;30.0;24.0;1.12;1841.0;6113.0;29.0;1.0;1.0;no
Design;0;4.0;0.0;500.0;41.0;3395.5;20.0;6.0;1.13;1128.0;4895.0;9.0;1.0;1.0;no
Design;0;1.0;3.0;230.0;36.0;1000.0;30.0;3.0;2.0;5.0;983.0;3.0;0.0;0.0;no
Design;0;0.0;5.0;353.0;18.0;4500.0;30.0;8.0;60.0;110.0;2147.0;3.0;1.0;1.0;no
Design;0;0.0;0.0;510.0;13.0;16977.52;30.0;13.0;6.0;3086.0;2422.0;8.0;2.0;1.0;no
Design;0;0.0;0.0;509.0;69.0;5000.0;40.0;10.0;1.0;5000.0;4099.0;17.0;1.0;1.0;no
Design;1;0.0;0.0;489.0;58.0;5659.17;60.0;5.0;1.11;443.0;2328.0;2.0;1.0;1.0;no
Design;0;1.0;0.0;341.0;59.0;67910.1;35.0;10.0;11.0;4460.0;20291.0;35.0;1.0;1.0;no
Design;0;1.0;2.0;213.0;45.0;36218.72;30.0;21.0;1.12;2899.0;4548.0;24.0;1.0;1.0;no
Design;1;0.0;0.0;150.0;25.0;1000000.0;60.0;3.0;25.0;50.0;1460.0;0.0;0.0;0.0;no
Apps;1;7.0;0.0;444.0;49.0;250.0;30.0;13.0;1.0;200.0;17025.0;32.0;4.0;1.0;yes
Apps;1;0.0;0.0;170.0;59.0;6250.0;25.0;1.0;13.0;13.0;2222.0;0.0;1.0;1.0;yes
Apps;0;0.0;0.0;381.0;10.0;1635.0;30.0;1.0;5.0;5.0;1551.0;0.0;1.0;1.0;yes
Apps;0;0.0;0.0;131.0;11.0;1000.0;20.0;2.0;100.0;500.0;1687.0;0.0;0.0;0.0;yes
Apps;1;0.0;0.0;507.0;3.0;17000.0;30.0;7.0;5.0;200.0;2033.0;0.0;0.0;0.0;yes
Apps;1;26.0;8.0;211.0;42.0;1000.0;60.0;11.0;1.0;3000.0;8912.0;13.0;0.0;0.0;yes
Apps;0;0.0;0.0;207.0;21.0;1000.0;30.0;1.0;25.0;25.0;263.0;0.0;1.0;1.0;no
Apps;1;0.0;0.0;497.0;10.0;1700.0;30.0;1.0;25.0;25.0;3063.0;0.0;1.0;1.0;no
Apps;1;0.0;0.0;426.0;38.0;20000.0;30.0;3.0;5.0;50.0;3044.0;6.0;0.0;0.0;no
Apps;1;0.0;0.0;512.0;59.0;125000.0;30.0;2.0;100.0;100.0;9608.0;8.0;1.0;1.0;no
Apps;0;0.0;0.0;511.0;7.0;15000.0;45.0;7.0;1.0;3499.0;10572.0;1.0;1.0;1.0;no
Apps;0;0.0;0.0;306.0;7.0;113183.5;30.0;1.0;113.0;113.0;1881.0;0.0;0.0;0.0;no
Apps;1;0.0;0.0;453.0;25.0;12000.0;30.0;5.0;1.0;500.0;1995.0;5.0;1.0;1.0;no
Apps;1;18.0;0.0;33.0;57.0;10000.0;30.0;9.0;1.0;500.0;6646.0;9.0;1.0;1.0;no
Apps;0;0.0;0.0;155.0;23.0;100000.0;60.0;3.0;500.0;10000.0;713.0;0.0;0.0;0.0;no
Apps;1;0.0;0.0;292.0;22.0;10000.0;30.0;2.0;10.0;50.0;1201.0;0.0;0.0;0.0;no
Apps;1;0.0;0.0;114.0;48.0;1000.0;30.0;13.0;1.0;250.0;5086.0;10.0;3.0;1.0;no
Apps;1;0.0;0.0;124.0;11.0;45273.4;30.0;1.0;1.13;1.13;2692.0;0.0;1.0;1.0;no
Apps;0;0.0;0.0;498.0;41.0;15845.69;60.0;2.0;109.0;5442.0;3570.0;0.0;1.0;1.0;no
Apps;0;2.0;0.0;140.0;58.0;25000.0;30.0;5.0;5.0;500.0;2979.0;1.0;1.0;1.0;no
Apps;0;0.0;0.0;371.0;13.0;300000.0;60.0;2.0;15.0;30.0;1916.0;0.0;1.0;1.0;no
Apps;0;0.0;2.0;314.0;9.0;25000.0;60.0;6.0;1.0;2000.0;1542.0;0.0;1.0;1.0;no
Apps;1;4.0;2.0;493.0;58.0;45975.0;40.0;7.0;0.77;769.0;4709.0;18.0;5.0;1.0;no
Apps;0;0.0;0.0;320.0;34.0;50500.0;60.0;2.0;10.0;25.0;2461.0;0.0;0.0;0.0;no
Apps;0;0.0;0.0;320.0;23.0;250000.0;30.0;1.0;35.0;35.0;3498.0;0.0;1.0;1.0;no
Apps;1;8.0;0.0;484.0;11.0;10000.0;30.0;1.0;5.0;5.0;1320.0;0.0;0.0;0.0;no
Apps;1;0.0;0.0;88.0;7.0;22636.7;45.0;1.0;11.0;11.0;1458.0;0.0;0.0;0.0;no
Apps;0;0.0;0.0;481.0;8.0;50000.0;30.0;5.0;5.0;500.0;1406.0;0.0;0.0;0.0;no
Apps;0;2.0;0.0;184.0;60.0;3831.25;30.0;10.0;0.76;1528.0;1853.0;3.0;1.0;1.0;no
Apps;1;0.0;0.0;538.0;53.0;500000.0;60.0;4.0;10.0;400.0;2164.0;1.0;1.0;1.0;no
Apps;0;0.0;0.0;203.0;30.0;10000.0;60.0;1.0;5.0;5.0;823.0;0.0;0.0;0.0;no
Apps;1;4.0;0.0;508.0;45.0;33955.05;45.0;9.0;6.0;393.0;8502.0;36.0;7.0;1.0;no
Apps;1;0.0;0.0;506.0;50.0;114937.5;30.0;9.0;4.0;3786.0;7921.0;11.0;1.0;1.0;no
Apps;0;0.0;0.0;35.0;4.0;37000.0;50.0;1.0;25.0;25.0;4144.0;0.0;0.0;0.0;no
Apps;0;0.0;0.0;499.0;56.0;9620.6;30.0;8.0;2.24;840.0;5421.0;20.0;2.0;1.0;no
Apps;0;0.0;0.0;574.0;39.0;56591.75;30.0;14.0;1.12;5578.0;1587.0;6.0;1.0;1.0;no
Apps;0;2.0;0.0;353.0;68.0;55000.0;28.0;2.0;50.0;500.0;1403.0;0.0;0.0;0.0;no
Apps;0;0.0;0.0;275.0;12.0;5000.0;30.0;1.0;500.0;500.0;1242.0;0.0;0.0;0.0;no
Apps;1;0.0;0.0;487.0;22.0;21500.0;30.0;3.0;10.0;50.0;7030.0;8.0;3.0;1.0;no
Apps;0;0.0;0.0;368.0;16.0;31500.0;30.0;9.0;5.0;100.0;2891.0;3.0;0.0;0.0;no
Apps;0;0.0;0.0;248.0;21.0;6000.0;30.0;1.0;25.0;25.0;2599.0;0.0;0.0;0.0;no
Apps;1;0.0;0.0;127.0;20.0;5500.0;60.0;6.0;1.0;500.0;1212.0;0.0;0.0;0.0;no
Apps;0;0.0;0.0;138.0;29.0;9000.0;30.0;6.0;10.0;500.0;2919.0;3.0;1.0;1.0;no
Apps;1;0.0;0.0;523.0;59.0;8000.0;30.0;5.0;1.0;99.0;2283.0;0.0;1.0;1.0;no
Apps;0;0.0;0.0;513.0;10.0;10000.0;30.0;1.0;100.0;100.0;2981.0;0.0;1.0;1.0;no
Apps;0;0.0;0.0;222.0;10.0;5000.0;30.0;1.0;10.0;10.0;1142.0;0.0;0.0;0.0;no
Apps;1;1.0;0.0;514.0;16.0;10000.0;30.0;4.0;10.0;5000.0;2489.0;0.0;0.0;0.0;no
Apps;0;0.0;0.0;494.0;9.0;150000.0;25.0;3.0;150.0;500.0;1616.0;0.0;0.0;0.0;no
Apps;1;0.0;0.0;103.0;9.0;5659.17;60.0;3.0;1.11;111.0;1062.0;1.0;0.0;0.0;no
Apps;0;0.0;0.0;505.0;9.0;10000.0;30.0;1.0;10.0;10.0;1496.0;0.0;0.0;0.0;no
Apps;1;0.0;0.0;225.0;19.0;30000.0;45.0;3.0;10.0;1000.0;1211.0;0.0;0.0;0.0;no
Apps;1;0.0;0.0;244.0;19.0;3500.0;60.0;5.0;10.0;250.0;2209.0;0.0;0.0;0.0;no
Apps;0;0.0;0.0;45.0;6.0;14390.95;60.0;6.0;7.0;1428.0;2944.0;0.0;0.0;0.0;no
Apps;0;0.0;0.0;503.0;33.0;25000.0;30.0;2.0;25.0;35.0;1236.0;0.0;0.0;0.0;no
Apps;0;0.0;0.0;147.0;8.0;40000.0;30.0;1.0;25.0;25.0;1913.0;7.0;1.0;1.0;no
Apps;1;0.0;0.0;141.0;6.0;3000.0;30.0;1.0;100.0;100.0;1962.0;0.0;0.0;0.0;no
Apps;1;1.0;0.0;283.0;38.0;10000.0;28.0;1.0;100.0;100.0;2848.0;3.0;1.0;1.0;no
Apps;1;0.0;0.0;231.0;35.0;25000.0;30.0;11.0;1.0;2000.0;1422.0;2.0;0.0;0.0;no
Apps;1;0.0;0.0;120.0;9.0;1500.0;60.0;2.0;1.0;25.0;4301.0;1.0;1.0;1.0;no
Apps;0;0.0;0.0;498.0;15.0;50000.0;30.0;2.0;15.0;50.0;2152.0;0.0;1.0;1.0;no
Apps;1;1.0;0.0;374.0;10.0;30000.0;30.0;6.0;1.0;10000.0;5243.0;2.0;1.0;1.0;no
Apps;0;0.0;0.0;159.0;6.0;250000.0;30.0;4.0;50.0;10000.0;1895.0;0.0;0.0;0.0;no
Apps;0;0.0;0.0;302.0;9.0;6475.93;30.0;7.0;1.45;723.0;17235.0;21.0;1.0;1.0;no
Apps;0;0.0;3.0;398.0;47.0;800.0;30.0;8.0;1.0;1000.0;3174.0;0.0;0.0;0.0;no
Apps;0;0.0;2.0;492.0;48.0;7000.0;45.0;3.0;100.0;1000.0;2299.0;0.0;0.0;0.0;no
Apps;1;0.0;0.0;374.0;48.0;4400.0;30.0;1.0;100.0;100.0;17009.0;0.0;0.0;0.0;no
Apps;0;1.0;2.0;511.0;61.0;35000.0;29.0;5.0;1.0;250.0;5675.0;13.0;1.0;1.0;no
Apps;0;0.0;0.0;505.0;46.0;20000.0;30.0;5.0;1.0;1000.0;2911.0;0.0;1.0;1.0;no
Apps;1;0.0;0.0;67.0;8.0;3000.0;49.0;2.0;5.0;50.0;244.0;8.0;1.0;1.0;no
Apps;0;2.0;0.0;264.0;33.0;5000.0;30.0;13.0;1.0;2000.0;5487.0;8.0;1.0;1.0;no
Apps;1;0.0;2.0;423.0;50.0;6000.0;30.0;7.0;1.0;60.0;3756.0;0.0;0.0;0.0;no
Apps;0;0.0;0.0;537.0;18.0;5093.26;30.0;4.0;2.25;17.0;3910.0;8.0;0.0;0.0;no
Apps;1;3.0;0.0;221.0;63.0;30000.0;30.0;14.0;5.0;10000.0;10809.0;36.0;1.0;1.0;no
Apps;0;0.0;0.0;156.0;6.0;160000.0;60.0;5.0;25.0;10000.0;1978.0;0.0;0.0;0.0;no
Apps;0;0.0;0.0;505.0;57.0;20000.0;30.0;11.0;1.0;2000.0;6846.0;37.0;1.0;1.0;no
Apps;1;0.0;0.0;520.0;59.0;250000.0;29.0;11.0;10.0;1000.0;5902.0;6.0;0.0;0.0;no
Apps;0;0.0;0.0;670.0;60.0;22636.7;40.0;3.0;11.0;55.0;5490.0;16.0;1.0;1.0;no
Apps;1;3.0;0.0;335.0;43.0;766.25;30.0;4.0;0.77;19.0;1689.0;0.0;1.0;1.0;no
Apps;0;1.0;2.0;225.0;23.0;5000.0;30.0;3.0;10.0;50.0;4366.0;11.0;1.0;1.0;no
Apps;1;3.0;0.0;174.0;37.0;5000.0;30.0;10.0;2.0;300.0;9382.0;5.0;1.0;1.0;no
Apps;1;0.0;0.0;454.0;12.0;30000.0;45.0;1.0;50.0;50.0;828.0;0.0;0.0;0.0;no
Apps;0;0.0;0.0;348.0;4.0;25000.0;60.0;1.0;10000.0;10000.0;700.0;0.0;1.0;1.0;no
Apps;1;0.0;0.0;571.0;69.0;200000.0;60.0;1.0;20.0;20.0;4265.0;0.0;0.0;0.0;no
Apps;0;0.0;0.0;500.0;48.0;2878.19;30.0;2.0;21.0;141.0;1106.0;0.0;1.0;1.0;no
Apps;1;0.0;0.0;447.0;42.0;49806.25;28.0;6.0;1.53;6127.0;8215.0;6.0;3.0;1.0;no
Apps;1;0.0;0.0;498.0;11.0;61300.0;30.0;8.0;37.0;3744.0;1345.0;0.0;1.0;1.0;no
Apps;1;0.0;0.0;231.0;10.0;25000.0;35.0;5.0;5.0;100.0;773.0;0.0;0.0;0.0;no
Apps;0;0.0;0.0;533.0;23.0;39614.22;59.0;8.0;1.12;1122.0;12575.0;7.0;3.0;1.0;no
Apps;0;0.0;0.0;507.0;26.0;50000.0;15.0;5.0;10.0;150.0;1537.0;0.0;1.0;1.0;no
Apps;0;0.0;0.0;77.0;8.0;62250.92;30.0;7.0;6.0;1111.0;2767.0;0.0;0.0;0.0;no
Apps;1;0.0;0.0;381.0;22.0;20373.03;30.0;6.0;1.11;7666.0;1208.0;0.0;0.0;0.0;no
Apps;0;0.0;0.0;333.0;47.0;30000.0;30.0;6.0;1.0;10000.0;873.0;1.0;0.0;0.0;no
Apps;0;0.0;0.0;203.0;10.0;80000.0;45.0;7.0;10.0;500.0;5803.0;3.0;1.0;1.0;no
Apps;0;0.0;0.0;213.0;24.0;4997.0;21.0;1.0;25.0;25.0;497.0;0.0;0.0;0.0;no
Apps;1;0.0;0.0;68.0;43.0;10000.0;60.0;1.0;100.0;100.0;948.0;0.0;0.0;0.0;no
Apps;0;0.0;2.0;330.0;40.0;136545.75;14.0;3.0;38.0;3813.0;1646.0;0.0;0.0;0.0;no
Apps;1;5.0;0.0;553.0;23.0;40000.0;30.0;8.0;10.0;5000.0;4920.0;0.0;1.0;1.0;no
Apps;0;1.0;0.0;110.0;34.0;226.37;30.0;6.0;1.12;743.0;366.0;0.0;0.0;0.0;no
Apps;1;0.0;0.0;250.0;44.0;76625.0;40.0;4.0;7.0;5213.0;1896.0;4.0;1.0;1.0;no
Apps;1;1.0;0.0;50.0;45.0;10000.0;30.0;5.0;20.0;1000.0;1257.0;0.0;0.0;0.0;no
Apps;0;0.0;0.0;502.0;60.0;20000.0;30.0;1.0;500.0;500.0;1420.0;0.0;0.0;0.0;no
Apps;0;0.0;0.0;278.0;55.0;14390.95;30.0;3.0;72.0;1433.0;1099.0;3.0;1.0;1.0;no
Apps;0;1.0;0.0;206.0;7.0;5000.0;50.0;1.0;25.0;25.0;822.0;0.0;0.0;0.0;no
Apps;0;0.0;0.0;123.0;18.0;5000.0;35.0;1.0;15.0;15.0;815.0;0.0;0.0;0.0;no
Apps;1;0.0;2.0;320.0;10.0;10793.21;15.0;4.0;1.41;71.0;2006.0;6.0;1.0;1.0;no
Apps;1;1.0;0.0;495.0;44.0;4527.34;40.0;7.0;1.09;130.0;16135.0;28.0;1.0;1.0;no
Apps;0;2.0;0.0;138.0;48.0;11318.35;60.0;4.0;1.13;113.0;4036.0;0.0;1.0;1.0;no
Apps;1;1.0;2.0;210.0;21.0;50000.0;30.0;4.0;50.0;5000.0;2291.0;0.0;0.0;0.0;no
Apps;0;0.0;0.0;529.0;24.0;99000.0;60.0;1.0;1.0;1.0;1802.0;0.0;0.0;0.0;no
Apps;1;1.0;3.0;506.0;6.0;10000.0;30.0;4.0;1.0;25.0;2407.0;0.0;1.0;1.0;no
Apps;1;0.0;0.0;433.0;11.0;1000.0;20.0;1.0;10.0;10.0;1695.0;0.0;0.0;0.0;no
Apps;0;0.0;0.0;525.0;24.0;15325.0;45.0;15.0;2.0;1160.0;1236.0;14.0;1.0;1.0;no
Apps;0;0.0;0.0;245.0;27.0;10000.0;45.0;1.0;25.0;25.0;6001.0;0.0;0.0;0.0;no
Apps;0;0.0;2.0;499.0;49.0;1500.0;30.0;4.0;1.0;500.0;11322.0;6.0;0.0;0.0;no
Apps;0;0.0;0.0;493.0;17.0;30000.0;30.0;2.0;30.0;100.0;1495.0;0.0;0.0;0.0;no
Apps;1;0.0;0.0;503.0;9.0;4000.0;30.0;1.0;25.0;25.0;2966.0;0.0;0.0;0.0;no
Apps;0;0.0;0.0;511.0;49.0;3500.0;30.0;1.0;500.0;500.0;2111.0;0.0;0.0;0.0;no
Apps;1;8.0;2.0;3.0;31.0;5659.17;30.0;6.0;1.1;549.0;5309.0;11.0;1.0;1.0;no
Apps;0;0.0;0.0;254.0;12.0;100000.0;30.0;4.0;10.0;10000.0;1782.0;0.0;0.0;0.0;no
Apps;0;1.0;3.0;440.0;37.0;3601.38;30.0;7.0;0.74;741.0;1049.0;0.0;0.0;0.0;no
Apps;0;0.0;0.0;500.0;23.0;1007.37;30.0;5.0;7.0;142.0;5574.0;3.0;1.0;1.0;no
Apps;1;1.0;0.0;500.0;55.0;5000.0;31.0;7.0;1.0;500.0;8439.0;5.0;1.0;1.0;no
Apps;0;0.0;0.0;174.0;10.0;50368.32;60.0;1.0;1450.0;1450.0;4216.0;0.0;0.0;0.0;no
Apps;1;0.0;0.0;506.0;7.0;200000.0;30.0;2.0;5.0;25.0;2229.0;0.0;0.0;0.0;no
Apps;1;0.0;0.0;499.0;67.0;15000.0;50.0;6.0;1.0;500.0;1833.0;0.0;0.0;0.0;no
Apps;0;0.0;0.0;292.0;8.0;13000.0;50.0;1.0;10.0;10.0;1582.0;0.0;0.0;0.0;no
Apps;1;0.0;0.0;144.0;36.0;170000.0;60.0;3.0;25.0;100.0;1035.0;0.0;0.0;0.0;no
Apps;1;1.0;0.0;510.0;8.0;4860.0;30.0;5.0;5.0;5000.0;2397.0;0.0;0.0;0.0;no
Apps;0;0.0;0.0;387.0;18.0;50000.0;30.0;1.0;25.0;25.0;394.0;0.0;0.0;0.0;no
Apps;0;0.0;2.0;0.0;1.0;25000.0;30.0;3.0;5.0;78.0;6602.0;0.0;0.0;0.0;no
Apps;0;0.0;0.0;313.0;8.0;50000.0;30.0;4.0;25.0;600.0;3099.0;6.0;0.0;0.0;no
Apps;0;1.0;0.0;507.0;57.0;22636.7;30.0;10.0;6.0;7154.0;6782.0;18.0;1.0;1.0;no
Apps;0;0.0;0.0;226.0;50.0;10000.0;40.0;1.0;1.0;1.0;2483.0;0.0;0.0;0.0;no
Apps;1;0.0;0.0;489.0;44.0;76625.0;45.0;1.0;4.0;4.0;1341.0;2.0;2.0;1.0;no
Apps;0;0.0;0.0;251.0;60.0;3831.25;30.0;8.0;0.73;731.0;7117.0;7.0;1.0;1.0;no
Apps;1;0.0;0.0;499.0;50.0;105000.0;45.0;5.0;10.0;1000.0;3186.0;0.0;1.0;1.0;no
Apps;1;0.0;0.0;327.0;39.0;155000.0;60.0;2.0;39.0;71.0;6715.0;32.0;1.0;1.0;no
Apps;1;0.0;0.0;498.0;12.0;30000.0;60.0;2.0;15.0;30.0;3301.0;0.0;1.0;1.0;no
Apps;1;0.0;0.0;393.0;7.0;10000.0;30.0;3.0;10.0;50.0;589.0;0.0;0.0;0.0;no
Apps;1;0.0;0.0;290.0;58.0;33955.05;30.0;8.0;1.09;435.0;2250.0;10.0;1.0;1.0;no
Apps;0;0.0;0.0;512.0;26.0;215864.25;42.0;5.0;14.0;923.0;2724.0;0.0;1.0;1.0;no
Apps;1;0.0;2.0;54.0;20.0;90000.0;60.0;3.0;25.0;500.0;3562.0;0.0;0.0;0.0;no
Apps;0;0.0;0.0;270.0;32.0;2500000.0;60.0;1.0;600.0;600.0;943.0;0.0;0.0;0.0;no
Apps;0;0.0;0.0;193.0;59.0;15000.0;45.0;6.0;1.0;500.0;4781.0;23.0;1.0;1.0;no
Apps;0;0.0;0.0;492.0;18.0;40000.0;35.0;6.0;5.0;150.0;7769.0;5.0;0.0;0.0;no
Apps;0;0.0;2.0;443.0;30.0;14000.0;45.0;3.0;10.0;30.0;2549.0;0.0;1.0;1.0;no
Apps;1;1.0;0.0;496.0;39.0;250000.0;35.0;7.0;1.0;1000.0;2788.0;4.0;1.0;1.0;no
Apps;1;0.0;0.0;438.0;36.0;50000.0;30.0;5.0;1.0;75.0;8205.0;11.0;1.0;1.0;no
Apps;1;1.0;0.0;430.0;55.0;16977.52;33.0;14.0;2.23;7817.0;4434.0;19.0;1.0;1.0;no
Apps;0;0.0;0.0;76.0;55.0;50000.0;29.0;10.0;5.0;1599.0;410.0;1.0;1.0;1.0;no
Apps;1;1.0;0.0;337.0;34.0;40000.0;40.0;7.0;10.0;1000.0;1782.0;0.0;0.0;0.0;no
Apps;1;11.0;2.0;432.0;63.0;36779.0;45.0;17.0;10.0;9950.0;5079.0;6.0;1.0;1.0;no
Apps;0;0.0;0.0;109.0;45.0;50000.0;30.0;4.0;15.0;75.0;1261.0;1.0;0.0;0.0;no
Apps;0;0.0;0.0;400.0;60.0;8640.0;30.0;1.0;75.0;75.0;3042.0;2.0;1.0;1.0;no
Apps;1;0.0;0.0;118.0;51.0;1500.0;30.0;1.0;25.0;25.0;2067.0;0.0;0.0;0.0;no
Apps;0;0.0;0.0;140.0;19.0;8000.0;30.0;1.0;25.0;25.0;464.0;0.0;0.0;0.0;no
Apps;0;0.0;2.0;314.0;20.0;35000.0;57.0;7.0;1.0;1000.0;782.0;0.0;1.0;1.0;no
Apps;0;0.0;0.0;26.0;21.0;226367.0;30.0;2.0;1690.0;3381.0;1339.0;5.0;1.0;1.0;no
Apps;1;0.0;0.0;190.0;56.0;50000.0;45.0;6.0;10.0;600.0;2655.0;0.0;0.0;0.0;no
Apps;0;4.0;4.0;215.0;52.0;27800.0;60.0;3.0;1.0;10.0;454.0;0.0;0.0;0.0;no
Apps;1;0.0;2.0;59.0;24.0;7195.48;25.0;1.0;7237.0;7237.0;784.0;0.0;0.0;0.0;no
Apps;0;6.0;0.0;333.0;28.0;25000.0;30.0;6.0;25.0;7900.0;4919.0;0.0;1.0;1.0;no
Apps;0;0.0;2.0;144.0;5.0;50000.0;45.0;7.0;1.0;2500.0;5753.0;0.0;1.0;1.0;no
Apps;0;0.0;0.0;89.0;27.0;35977.38;30.0;3.0;72.0;716.0;2137.0;0.0;0.0;0.0;no
Apps;0;0.0;0.0;117.0;60.0;61300.0;60.0;1.0;4.0;4.0;942.0;0.0;0.0;0.0;no
Apps;0;0.0;0.0;286.0;35.0;50000.0;30.0;2.0;1.0;10.0;6825.0;0.0;0.0;0.0;no
Apps;0;0.0;2.0;206.0;41.0;35000.0;30.0;5.0;10.0;500.0;2837.0;0.0;1.0;1.0;no
Apps;0;0.0;0.0;498.0;24.0;10000.0;40.0;3.0;10.0;75.0;2960.0;0.0;0.0;0.0;no
Apps;1;0.0;0.0;66.0;42.0;6116.15;28.0;4.0;14.0;355.0;1631.0;5.0;1.0;1.0;no
Apps;0;0.0;2.0;499.0;58.0;10000.0;30.0;4.0;1.0;500.0;11306.0;7.0;0.0;0.0;no
Apps;0;0.0;2.0;0.0;16.0;494270.0;31.0;3.0;5.0;80.0;12021.0;0.0;1.0;1.0;no
Apps;0;0.0;0.0;121.0;40.0;400000.0;50.0;7.0;1.0;10000.0;1592.0;0.0;0.0;0.0;no
Gadgets;1;5.0;2.0;513.0;60.0;100000.0;30.0;6.0;1.0;3500.0;10296.0;9.0;2.0;1.0;yes
Gadgets;1;1.0;0.0;214.0;53.0;8000.0;38.0;22.0;1.0;420.0;9507.0;23.0;1.0;1.0;yes
Gadgets;0;0.0;0.0;514.0;56.0;45273.4;30.0;10.0;141.0;2072.0;5878.0;10.0;1.0;1.0;no
Gadgets;1;0.0;0.0;528.0;45.0;99612.5;30.0;15.0;0.76;726.0;7126.0;7.0;1.0;1.0;no
Gadgets;1;0.0;0.0;118.0;37.0;6513.12;30.0;5.0;1.51;23.0;1615.0;5.0;3.0;1.0;no
Gadgets;1;0.0;2.0;474.0;52.0;200000.0;60.0;2.0;10.0;50.0;819.0;0.0;0.0;0.0;no
Gadgets;0;0.0;0.0;154.0;35.0;10000.0;30.0;2.0;10.0;25.0;1410.0;1.0;1.0;1.0;no
Gadgets;1;0.0;0.0;260.0;57.0;10000.0;30.0;4.0;10.0;400.0;1738.0;6.0;1.0;1.0;no
Gadgets;0;0.0;2.0;519.0;56.0;5000.0;21.0;4.0;69.0;129.0;912.0;5.0;1.0;1.0;no
Gadgets;0;2.0;0.0;444.0;59.0;31000.0;30.0;4.0;4.0;30.0;3901.0;8.0;1.0;1.0;no
Gadgets;0;1.0;0.0;525.0;66.0;150000.0;30.0;7.0;1.0;325.0;6231.0;13.0;1.0;1.0;no
Gadgets;0;0.0;0.0;438.0;51.0;5000.0;30.0;25.0;1.0;875.0;5366.0;3.0;1.0;1.0;yes
Gadgets;1;0.0;10.0;252.0;58.0;500.0;30.0;5.0;45.0;325.0;3722.0;10.0;1.0;1.0;yes
Gadgets;1;2.0;2.0;501.0;41.0;4597.5;30.0;7.0;0.76;321.0;1664.0;3.0;1.0;1.0;yes
Gadgets;0;5.0;4.0;94.0;45.0;1000.0;36.0;7.0;2.0;60.0;2860.0;8.0;1.0;1.0;yes
Gadgets;0;1.0;0.0;140.0;35.0;2500.0;30.0;15.0;1.0;68.0;6060.0;8.0;1.0;1.0;yes
Gadgets;0;1.0;17.0;651.0;69.0;536.38;30.0;10.0;4.0;317.0;8671.0;5.0;2.0;1.0;yes
Gadgets;1;0.0;0.0;581.0;50.0;10186.51;45.0;8.0;6.0;206.0;5384.0;1.0;1.0;1.0;yes
Gadgets;0;0.0;0.0;554.0;64.0;20000.0;40.0;13.0;1.0;3700.0;16022.0;38.0;2.0;1.0;yes
Gadgets;1;5.0;6.0;527.0;51.0;12000.0;30.0;11.0;5.0;5000.0;10967.0;13.0;1.0;1.0;yes
Gadgets;0;0.0;0.0;511.0;50.0;45273.4;41.0;21.0;3.0;2817.0;6164.0;28.0;3.0;1.0;no
Gadgets;1;0.0;2.0;514.0;58.0;431.73;31.0;5.0;1.41;282.0;7961.0;8.0;9.0;1.0;no
Gadgets;0;1.0;0.0;517.0;52.0;35000.0;30.0;11.0;1.0;2599.0;8313.0;17.0;1.0;1.0;no
Gadgets;1;2.0;2.0;494.0;31.0;8000.0;14.0;5.0;10.0;159.0;4516.0;24.0;2.0;1.0;no
Gadgets;0;0.0;0.0;441.0;37.0;2500.0;30.0;1.0;50.0;50.0;1528.0;0.0;0.0;0.0;no
Gadgets;0;0.0;2.0;67.0;67.0;8000.0;30.0;2.0;200.0;400.0;1697.0;5.0;0.0;0.0;no
Gadgets;1;0.0;2.0;435.0;43.0;25000.0;37.0;5.0;25.0;425.0;12789.0;4.0;0.0;0.0;no
Gadgets;0;0.0;0.0;333.0;50.0;3500.0;40.0;8.0;1.0;500.0;1746.0;7.0;1.0;1.0;yes
Gadgets;1;34.0;0.0;168.0;64.0;60000.0;36.0;10.0;1.0;1499.0;18300.0;83.0;2.0;1.0;yes
Gadgets;0;1.0;0.0;419.0;36.0;25000.0;31.0;9.0;1.0;10000.0;4117.0;25.0;13.0;1.0;yes
Gadgets;1;8.0;0.0;382.0;48.0;86345.7;37.0;13.0;4.0;1419.0;9189.0;50.0;1.0;1.0;yes
Gadgets;0;5.0;0.0;111.0;64.0;2758.5;31.0;13.0;0.75;150.0;11429.0;41.0;1.0;1.0;yes
Gadgets;1;16.0;4.0;186.0;57.0;613.0;33.0;13.0;0.76;227.0;2742.0;20.0;10.0;1.0;yes
Gadgets;1;11.0;2.0;486.0;54.0;50000.0;30.0;4.0;10.0;149.0;6460.0;12.0;1.0;1.0;yes
Gadgets;0;2.0;0.0;550.0;40.0;20000.0;30.0;7.0;1.0;10000.0;2284.0;14.0;1.0;1.0;yes
Gadgets;0;0.0;3.0;356.0;33.0;5000.0;40.0;15.0;5.0;500.0;446.0;5.0;1.0;1.0;yes
Gadgets;1;2.0;0.0;528.0;17.0;45000.0;31.0;10.0;2.0;1000.0;6101.0;18.0;1.0;1.0;yes
Gadgets;1;36.0;2.0;458.0;46.0;30000.0;44.0;10.0;1.0;500.0;10147.0;51.0;1.0;1.0;yes
Gadgets;0;0.0;2.0;446.0;43.0;1000.0;34.0;11.0;50.0;310.0;1397.0;10.0;1.0;1.0;yes
Gadgets;0;5.0;0.0;159.0;31.0;25000.0;45.0;22.0;1.0;10000.0;7380.0;36.0;1.0;1.0;yes
Gadgets;0;0.0;0.0;479.0;8.0;1000.0;30.0;2.0;5.0;25.0;1180.0;0.0;0.0;0.0;no
Gadgets;0;2.0;0.0;97.0;46.0;50000.0;30.0;9.0;1.0;69.0;8734.0;8.0;4.0;1.0;no
Gadgets;1;0.0;0.0;421.0;13.0;3395.5;56.0;5.0;5.0;543.0;1471.0;0.0;0.0;0.0;no
Gadgets;1;0.0;0.0;133.0;36.0;11493.75;30.0;10.0;15.0;1439.0;6363.0;16.0;1.0;1.0;no
Gadgets;0;0.0;0.0;323.0;66.0;150000.0;30.0;8.0;5.0;1100.0;838.0;14.0;3.0;1.0;no
Gadgets;0;0.0;0.0;38.0;44.0;30000.0;30.0;4.0;20.0;1000.0;1041.0;0.0;0.0;0.0;no
Gadgets;1;0.0;0.0;317.0;60.0;5000.0;30.0;10.0;5.0;500.0;3933.0;3.0;1.0;1.0;no
Gadgets;1;0.0;0.0;404.0;10.0;5000.0;30.0;1.0;10.0;10.0;1473.0;0.0;1.0;1.0;no
Gadgets;1;0.0;0.0;214.0;5.0;147138.55;32.0;10.0;11.0;7289.0;2242.0;0.0;1.0;1.0;no
Gadgets;0;0.0;0.0;329.0;16.0;50000.0;60.0;5.0;1.0;250.0;1336.0;7.0;0.0;0.0;no
Gadgets;0;0.0;0.0;436.0;51.0;113183.5;33.0;7.0;1.12;1123.0;3513.0;26.0;2.0;1.0;no
Gadgets;1;0.0;0.0;342.0;9.0;2500.0;34.0;2.0;45.0;45.0;1449.0;0.0;1.0;1.0;no
Gadgets;1;0.0;0.0;481.0;49.0;48000.0;60.0;6.0;15.0;195.0;1406.0;3.0;1.0;1.0;no
Gadgets;0;0.0;3.0;284.0;48.0;67583.25;47.0;4.0;7.0;439.0;1966.0;2.0;1.0;1.0;no
Gadgets;0;0.0;0.0;462.0;28.0;10000.0;40.0;1.0;30.0;30.0;4053.0;8.0;1.0;1.0;no
Gadgets;1;0.0;3.0;246.0;33.0;1000.0;45.0;3.0;2.0;950.0;1113.0;5.0;0.0;0.0;no
Gadgets;1;0.0;2.0;517.0;56.0;37500.0;30.0;1.0;75.0;75.0;1786.0;0.0;1.0;1.0;no
Gadgets;1;0.0;0.0;32.0;43.0;20000.0;30.0;1.0;1.0;1.0;2541.0;0.0;0.0;0.0;no
Gadgets;0;0.0;0.0;508.0;18.0;5000.0;30.0;3.0;10.0;10.0;2025.0;0.0;1.0;1.0;no
Gadgets;1;0.0;0.0;441.0;21.0;30000.0;30.0;1.0;10.0;10.0;747.0;0.0;1.0;1.0;no
Gadgets;0;0.0;0.0;477.0;17.0;20000.0;45.0;1.0;11.0;11.0;677.0;0.0;1.0;1.0;no
Gadgets;1;3.0;0.0;80.0;59.0;43172.85;30.0;7.0;1.43;7163.0;5038.0;18.0;3.0;1.0;no
Gadgets;0;0.0;0.0;334.0;15.0;15000.0;30.0;15.0;1.0;1337.0;1532.0;0.0;1.0;1.0;no
Gadgets;1;0.0;0.0;462.0;56.0;71261.25;30.0;5.0;19.0;2235.0;9133.0;0.0;1.0;1.0;no
Gadgets;1;0.0;0.0;291.0;47.0;25000.0;60.0;9.0;10.0;1000.0;2627.0;6.0;1.0;1.0;no
Gadgets;0;0.0;0.0;111.0;67.0;747011.1;30.0;1.0;362.0;362.0;14096.0;0.0;1.0;1.0;no
Gadgets;0;0.0;0.0;85.0;32.0;95000.0;60.0;1.0;1.0;1.0;733.0;0.0;0.0;0.0;no
Gadgets;1;0.0;0.0;426.0;13.0;11000.0;30.0;1.0;10.0;10.0;2903.0;0.0;0.0;0.0;no
Gadgets;0;0.0;0.0;496.0;44.0;1500.0;30.0;3.0;5.0;100.0;3352.0;0.0;0.0;0.0;no
Gadgets;1;0.0;0.0;507.0;54.0;2878.19;30.0;4.0;4.0;71.0;7060.0;6.0;0.0;0.0;no
Gadgets;0;1.0;0.0;193.0;28.0;20000.0;30.0;4.0;3.0;40.0;1051.0;1.0;1.0;1.0;no
Gadgets;1;0.0;0.0;286.0;39.0;5000.0;30.0;5.0;7.0;100.0;1501.0;9.0;1.0;1.0;no
Gadgets;1;1.0;0.0;538.0;49.0;80000.0;60.0;5.0;5.0;210.0;5261.0;18.0;3.0;1.0;no
Gadgets;0;0.0;2.0;275.0;66.0;15990.0;35.0;6.0;3.0;389.0;2959.0;10.0;1.0;1.0;no
Gadgets;0;0.0;0.0;236.0;10.0;100000.0;30.0;2.0;1.0;10000.0;1183.0;0.0;0.0;0.0;no
Gadgets;0;0.0;0.0;446.0;60.0;50368.32;30.0;11.0;14.0;250.0;2831.0;8.0;1.0;1.0;no
Gadgets;1;2.0;0.0;260.0;54.0;20000.0;31.0;17.0;1.0;10000.0;4363.0;7.0;0.0;0.0;no
Gadgets;0;3.0;0.0;432.0;58.0;60000.0;45.0;38.0;35.0;239.0;10468.0;59.0;1.0;1.0;no
Gadgets;0;0.0;0.0;232.0;46.0;45000.0;35.0;11.0;1.0;3000.0;4490.0;31.0;4.0;1.0;no
Gadgets;0;0.0;2.0;0.0;73.0;3395.5;15.0;7.0;11.0;156.0;7282.0;12.0;1.0;1.0;no
Gadgets;0;1.0;2.0;510.0;59.0;45000.0;45.0;11.0;5.0;4850.0;2063.0;5.0;3.0;1.0;no
Gadgets;1;0.0;0.0;522.0;56.0;50368.32;60.0;9.0;1.39;6968.0;5274.0;29.0;4.0;1.0;no
Gadgets;0;0.0;0.0;78.0;22.0;30000.0;20.0;4.0;15.0;250.0;5300.0;8.0;1.0;1.0;no
Gadgets;0;0.0;2.0;0.0;58.0;11318.35;30.0;11.0;6.0;838.0;12150.0;16.0;2.0;1.0;no
Gadgets;0;0.0;2.0;492.0;54.0;10000.0;30.0;5.0;1.0;35.0;3758.0;11.0;2.0;1.0;no
Gadgets;1;0.0;0.0;398.0;17.0;22636.7;60.0;4.0;2.23;48.0;14228.0;36.0;1.0;1.0;no
Gadgets;0;0.0;0.0;201.0;27.0;50000.0;30.0;6.0;10.0;1000.0;1531.0;8.0;1.0;1.0;no
Gadgets;0;0.0;0.0;514.0;59.0;25000.0;60.0;1.0;25.0;25.0;2108.0;0.0;1.0;1.0;no
Gadgets;1;5.0;0.0;350.0;60.0;10073.67;30.0;10.0;2.85;1782.0;4079.0;17.0;1.0;1.0;no
Gadgets;0;0.0;0.0;519.0;48.0;22000.0;60.0;10.0;5.0;10000.0;1002.0;0.0;1.0;1.0;no
Gadgets;1;0.0;0.0;203.0;54.0;8634.57;39.0;5.0;13.0;41.0;800.0;5.0;0.0;0.0;no
Software;0;0.0;0.0;517.0;9.0;15000.0;24.0;3.0;10.0;5000.0;4747.0;3.0;1.0;1.0;yes
Software;1;5.0;0.0;321.0;46.0;7000.0;32.0;7.0;10.0;99.0;8234.0;14.0;2.0;1.0;yes
Software;1;6.0;2.0;482.0;44.0;4000.0;30.0;12.0;1.0;10000.0;6497.0;1.0;1.0;1.0;yes
Software;0;0.0;0.0;595.0;47.0;115127.6;30.0;9.0;1.42;426.0;6092.0;0.0;0.0;0.0;no
Software;1;1.0;0.0;274.0;59.0;5659.17;30.0;1.0;17.0;17.0;1887.0;0.0;0.0;0.0;no
Software;1;0.0;0.0;514.0;59.0;35000.0;21.0;5.0;5.0;500.0;2341.0;3.0;1.0;1.0;no
Software;1;0.0;0.0;408.0;57.0;250000.0;60.0;3.0;100.0;1001.0;3868.0;0.0;0.0;0.0;no
Software;1;2.0;0.0;112.0;28.0;150000.0;35.0;6.0;10.0;1000.0;10155.0;5.0;2.0;1.0;no
Software;1;0.0;0.0;13.0;40.0;30000.0;60.0;7.0;10.0;10000.0;1054.0;4.0;1.0;1.0;no
Software;0;1.0;0.0;519.0;18.0;250000.0;30.0;6.0;5.0;1000.0;3324.0;0.0;1.0;1.0;no
Software;0;1.0;0.0;537.0;9.0;2000.0;60.0;4.0;2.0;500.0;1545.0;0.0;0.0;0.0;no
Software;1;0.0;0.0;534.0;8.0;22636.7;45.0;3.0;11.0;611.0;11861.0;1.0;0.0;0.0;no
Software;0;0.0;0.0;526.0;41.0;5448.04;30.0;1.0;8.0;8.0;1966.0;1.0;0.0;0.0;no
Software;0;0.0;0.0;410.0;15.0;21586.42;42.0;3.0;1.43;143.0;5664.0;0.0;0.0;0.0;no
Software;1;0.0;0.0;397.0;27.0;339550.5;60.0;4.0;1.09;5466.0;4656.0;4.0;1.0;1.0;no
Software;1;0.0;0.0;507.0;44.0;5000.0;30.0;8.0;1.0;5000.0;1008.0;0.0;1.0;1.0;no
Software;0;0.0;0.0;241.0;15.0;10000.0;60.0;7.0;10.0;10000.0;2609.0;1.0;0.0;0.0;no
Software;0;0.0;0.0;499.0;32.0;17500.0;30.0;9.0;5.0;5000.0;1784.0;0.0;1.0;1.0;no
Software;1;0.0;0.0;518.0;20.0;20000.0;60.0;4.0;10.0;1500.0;2970.0;0.0;1.0;1.0;no
Software;0;1.0;2.0;269.0;33.0;10000.0;30.0;3.0;5.0;100.0;1327.0;0.0;0.0;0.0;no
Software;1;2.0;0.0;508.0;38.0;35977.38;35.0;7.0;2.89;2890.0;614.0;2.0;1.0;1.0;no
Software;1;3.0;0.0;341.0;55.0;5000.0;60.0;9.0;1.0;500.0;2874.0;2.0;0.0;0.0;no
Software;1;4.0;0.0;512.0;54.0;11318.35;40.0;9.0;2.23;2789.0;7074.0;16.0;1.0;1.0;no
Software;0;0.0;0.0;478.0;17.0;15000.0;30.0;3.0;25.0;1000.0;801.0;0.0;1.0;1.0;no
Software;1;0.0;0.0;488.0;60.0;2500.0;17.0;3.0;10.0;100.0;3787.0;0.0;0.0;0.0;no
Software;0;0.0;0.0;76.0;54.0;500000.0;43.0;3.0;5.0;500.0;3032.0;9.0;1.0;1.0;no
Software;1;0.0;2.0;133.0;49.0;4000.0;30.0;1.0;25.0;25.0;850.0;0.0;0.0;0.0;no
Software;0;0.0;0.0;494.0;18.0;10000.0;60.0;1.0;1000.0;1000.0;971.0;0.0;0.0;0.0;no
Software;0;0.0;0.0;493.0;43.0;38312.5;15.0;4.0;8.0;76.0;3422.0;0.0;1.0;1.0;no
Software;0;0.0;0.0;519.0;8.0;3000.0;30.0;1.0;10.0;10.0;1601.0;0.0;1.0;1.0;no
Software;1;0.0;2.0;176.0;34.0;25000.0;59.0;12.0;5.0;9000.0;3208.0;1.0;1.0;1.0;no
Software;1;0.0;0.0;351.0;6.0;65000.0;29.0;1.0;25.0;25.0;1035.0;0.0;0.0;0.0;no
Software;0;0.0;2.0;366.0;58.0;1149.38;15.0;14.0;0.77;6146.0;5700.0;6.0;1.0;1.0;no
Software;0;0.0;0.0;511.0;53.0;1145.0;7.0;3.0;2.0;200.0;2023.0;1.0;1.0;1.0;no
Software;0;0.0;2.0;40.0;16.0;10000.0;60.0;1.0;100.0;100.0;784.0;0.0;0.0;0.0;no
Software;1;0.0;0.0;506.0;51.0;215864.25;28.0;6.0;7.0;145.0;2954.0;0.0;1.0;1.0;no
Software;0;0.0;0.0;285.0;29.0;5180.74;38.0;7.0;1.42;922.0;7743.0;4.0;1.0;1.0;no
Software;0;0.0;0.0;323.0;28.0;75000.0;45.0;5.0;10.0;100.0;3846.0;0.0;1.0;1.0;no
Software;1;2.0;0.0;517.0;48.0;19156.25;30.0;9.0;4.0;496.0;5577.0;2.0;1.0;1.0;no
Software;0;0.0;0.0;228.0;17.0;25000.0;30.0;3.0;25.0;100.0;3083.0;0.0;0.0;0.0;no
Software;0;0.0;0.0;292.0;60.0;12000.0;60.0;3.0;250.0;1000.0;2836.0;0.0;1.0;1.0;no
Software;1;0.0;0.0;345.0;59.0;100000.0;31.0;10.0;1.0;5000.0;10390.0;12.0;0.0;0.0;no
Software;1;0.0;0.0;106.0;17.0;7000.0;30.0;2.0;10.0;25.0;2510.0;3.0;1.0;1.0;no
Software;0;0.0;0.0;494.0;11.0;30000.0;30.0;1.0;10.0;10.0;2946.0;0.0;0.0;0.0;no
Software;0;1.0;2.0;498.0;26.0;340501.0;30.0;2.0;15.0;300.0;949.0;0.0;1.0;1.0;no
Software;1;0.0;0.0;240.0;36.0;1131835.0;30.0;4.0;11.0;78.0;3284.0;0.0;0.0;0.0;no
Software;1;4.0;0.0;352.0;58.0;4317.28;45.0;5.0;7.0;555.0;2256.0;0.0;1.0;1.0;no
Software;0;0.0;0.0;512.0;8.0;25000.0;30.0;4.0;20.0;100.0;2397.0;0.0;1.0;1.0;no
Software;1;0.0;0.0;303.0;43.0;200.0;21.0;1.0;25.0;25.0;1804.0;0.0;0.0;0.0;no
Software;1;2.0;0.0;39.0;18.0;22987.5;60.0;10.0;4.0;249.0;1143.0;0.0;0.0;0.0;no
Software;1;24.0;2.0;506.0;7.0;25000.0;15.0;7.0;1.0;2700.0;8147.0;4.0;1.0;1.0;no
Software;0;0.0;0.0;367.0;45.0;160000.0;35.0;3.0;25.0;150.0;6648.0;2.0;1.0;1.0;no
Software;1;0.0;0.0;494.0;57.0;21500.0;30.0;6.0;5.0;1500.0;5375.0;0.0;0.0;0.0;no
Software;1;0.0;0.0;68.0;14.0;11318.35;60.0;4.0;1.12;112.0;2600.0;4.0;0.0;0.0;no
Software;1;0.0;0.0;204.0;8.0;9000.0;30.0;1.0;25.0;25.0;1358.0;0.0;0.0;0.0;no
Software;1;0.0;0.0;434.0;20.0;316913.8;45.0;7.0;1.1;409.0;2745.0;4.0;1.0;1.0;no
Software;1;0.0;0.0;388.0;15.0;56591.75;50.0;4.0;56.0;334.0;4153.0;0.0;0.0;0.0;no
Software;0;0.0;0.0;251.0;16.0;60000.0;60.0;1.0;25.0;25.0;930.0;0.0;0.0;0.0;no
Software;1;0.0;0.0;670.0;36.0;13500.0;35.0;5.0;5.0;1000.0;5455.0;0.0;1.0;1.0;no
Software;1;0.0;0.0;68.0;24.0;15000.0;30.0;9.0;10.0;1500.0;3674.0;9.0;1.0;1.0;no
Software;0;0.0;0.0;244.0;15.0;31000.0;30.0;6.0;9.0;1000.0;248.0;0.0;1.0;1.0;no
Software;0;2.0;0.0;403.0;29.0;600.0;50.0;1.0;5.0;5.0;2132.0;0.0;0.0;0.0;no
Software;0;0.0;0.0;67.0;9.0;575.64;30.0;2.0;14.0;71.0;1557.0;0.0;0.0;0.0;no
Software;0;0.0;0.0;209.0;64.0;107932.12;35.0;15.0;1.4;6978.0;13823.0;17.0;1.0;1.0;no
Software;0;0.0;0.0;76.0;30.0;113.18;30.0;2.0;1.1;6.0;658.0;0.0;0.0;0.0;no
Software;0;0.0;0.0;668.0;6.0;38312.5;30.0;6.0;19.0;3755.0;1163.0;0.0;1.0;1.0;no
Software;0;0.0;0.0;280.0;24.0;10000.0;30.0;9.0;1.0;4999.0;7759.0;0.0;1.0;1.0;no
Software;1;0.0;0.0;498.0;30.0;10000.0;60.0;5.0;5.0;100.0;1336.0;0.0;0.0;0.0;no
Software;0;0.0;0.0;496.0;44.0;18000.0;60.0;1.0;100.0;100.0;2699.0;0.0;1.0;1.0;no
Software;0;0.0;0.0;0.0;53.0;500.0;40.0;4.0;10.0;65.0;3080.0;0.0;1.0;1.0;no
Software;1;0.0;0.0;498.0;59.0;2000.0;30.0;4.0;1.0;100.0;3904.0;0.0;0.0;0.0;no
Software;1;0.0;0.0;500.0;45.0;11512.76;30.0;3.0;14.0;140.0;1506.0;0.0;1.0;1.0;no
Software;0;0.0;0.0;496.0;64.0;70000.0;30.0;7.0;25.0;2000.0;6034.0;7.0;1.0;1.0;no
Software;0;0.0;0.0;240.0;28.0;3395.5;30.0;1.0;109.0;109.0;888.0;0.0;0.0;0.0;no
Software;0;0.0;0.0;520.0;9.0;3395.5;35.0;9.0;3.0;2425.0;2288.0;0.0;0.0;0.0;no
Software;0;0.0;0.0;481.0;59.0;5000.0;30.0;7.0;5.0;1000.0;800.0;15.0;1.0;1.0;no
Software;0;0.0;2.0;498.0;39.0;25000.0;30.0;1.0;50.0;50.0;1115.0;0.0;0.0;0.0;no
Software;0;0.0;0.0;69.0;16.0;3395.5;45.0;6.0;6.0;571.0;4247.0;9.0;1.0;1.0;no
Software;0;0.0;0.0;520.0;57.0;153250.0;30.0;6.0;19.0;4817.0;2891.0;20.0;1.0;1.0;no
Software;1;0.0;0.0;705.0;56.0;3500.0;60.0;5.0;5.0;100.0;67.0;0.0;1.0;1.0;no
Software;1;0.0;0.0;527.0;42.0;905468.0;60.0;2.0;5.0;55.0;1065.0;0.0;0.0;0.0;no
Software;1;11.0;2.0;516.0;19.0;25000.0;30.0;10.0;10.0;1000.0;2771.0;0.0;1.0;1.0;no
Software;1;0.0;0.0;506.0;58.0;100000.0;28.0;1.0;10.0;10.0;3759.0;0.0;1.0;1.0;no
Software;0;0.0;0.0;419.0;54.0;15000.0;30.0;1.0;25.0;25.0;3288.0;0.0;1.0;1.0;no
Software;0;0.0;0.0;0.0;24.0;153.25;24.0;1.0;0.76;0.76;887.0;0.0;0.0;0.0;no
Software;0;0.0;0.0;506.0;54.0;565917.5;60.0;3.0;11.0;273.0;2230.0;18.0;11.0;1.0;no
Software;1;1.0;11.0;216.0;60.0;50000.0;60.0;8.0;1.0;50.0;3145.0;3.0;1.0;1.0;no
Software;1;2.0;0.0;504.0;53.0;30000.0;40.0;14.0;1.0;1500.0;7062.0;41.0;5.0;1.0;no
Software;0;0.0;0.0;437.0;57.0;5659.17;30.0;4.0;10.0;66.0;6381.0;34.0;1.0;1.0;no
Software;1;0.0;0.0;176.0;46.0;7915.02;29.0;3.0;359.0;1438.0;1520.0;0.0;0.0;0.0;no
Software;0;1.0;2.0;511.0;62.0;12000.0;30.0;5.0;1.0;250.0;5570.0;5.0;1.0;1.0;no
Software;0;1.0;0.0;131.0;47.0;39614.22;37.0;12.0;5.0;7583.0;11780.0;18.0;2.0;1.0;no
Software;1;0.0;4.0;510.0;42.0;38312.5;30.0;1.0;8.0;8.0;4101.0;0.0;0.0;0.0;no
Software;1;0.0;0.0;495.0;29.0;75000.0;30.0;4.0;25.0;1000.0;2163.0;0.0;0.0;0.0;no
Software;0;0.0;0.0;302.0;56.0;3000.0;30.0;6.0;5.0;250.0;1168.0;0.0;0.0;0.0;no
Software;1;1.0;0.0;109.0;50.0;18109.36;34.0;13.0;6.0;2535.0;7609.0;9.0;1.0;1.0;no
Software;0;0.0;2.0;201.0;28.0;800.0;30.0;5.0;10.0;300.0;1173.0;0.0;0.0;0.0;no
Software;1;0.0;2.0;507.0;11.0;5002.71;60.0;7.0;7.0;215.0;3195.0;1.0;0.0;0.0;no
Software;1;0.0;2.0;507.0;22.0;38029.66;60.0;7.0;7.0;212.0;3290.0;1.0;0.0;0.0;no
Software;0;3.0;0.0;43.0;53.0;3597.74;30.0;5.0;1.42;1064.0;3763.0;12.0;1.0;1.0;no
Software;0;0.0;0.0;334.0;53.0;292136.28;40.0;9.0;1.39;1387.0;6733.0;2.0;1.0;1.0;no
Software;1;1.0;0.0;520.0;59.0;50000.0;38.0;11.0;1.0;10000.0;6264.0;12.0;7.0;1.0;no
Software;0;2.0;0.0;494.0;36.0;5000.0;60.0;6.0;5.0;45.0;7996.0;8.0;1.0;1.0;yes
Software;0;4.0;0.0;538.0;66.0;22636.7;60.0;13.0;1.1;1102.0;3574.0;6.0;1.0;1.0;yes
Software;1;1.0;0.0;459.0;34.0;5659.17;30.0;5.0;6.0;110.0;4670.0;40.0;1.0;1.0;yes
Software;1;1.0;0.0;398.0;15.0;400.0;17.0;4.0;10.0;30.0;2582.0;2.0;1.0;1.0;yes
Software;1;0.0;0.0;211.0;48.0;20000.0;30.0;13.0;3.0;10000.0;7855.0;9.0;2.0;1.0;yes
Software;0;10.0;3.0;326.0;31.0;2500.0;30.0;12.0;5.0;65.0;3495.0;0.0;1.0;1.0;yes
Software;0;0.0;2.0;506.0;64.0;2000.0;30.0;7.0;10.0;5000.0;5315.0;0.0;1.0;1.0;yes
Software;1;0.0;0.0;489.0;37.0;766.25;30.0;3.0;4.0;74.0;4648.0;6.0;1.0;1.0;yes
Software;0;0.0;0.0;138.0;28.0;13972.5;30.0;1.0;34.0;34.0;1479.0;0.0;1.0;1.0;no
Software;1;0.0;2.0;459.0;36.0;100000.0;30.0;10.0;5.0;6500.0;2663.0;3.0;0.0;0.0;no
Software;1;5.0;0.0;513.0;59.0;27164.04;31.0;15.0;11.0;6835.0;6114.0;11.0;1.0;1.0;no
Software;1;0.0;0.0;219.0;9.0;10000.0;30.0;2.0;5.0;25.0;1353.0;0.0;0.0;0.0;no
Software;0;0.0;0.0;312.0;46.0;9000.0;24.0;1.0;1000.0;1000.0;925.0;0.0;0.0;0.0;no
Software;1;0.0;2.0;229.0;46.0;55000.0;30.0;3.0;5.0;205.0;7649.0;8.0;1.0;1.0;no
Software;1;0.0;2.0;747.0;11.0;2263.67;30.0;6.0;11.0;227.0;4894.0;5.0;1.0;1.0;no
Software;0;0.0;0.0;322.0;19.0;8634.57;30.0;10.0;1.43;1722.0;8685.0;0.0;1.0;1.0;no
Software;0;0.0;0.0;112.0;39.0;143909.5;30.0;2.0;1.43;7173.0;2095.0;0.0;0.0;0.0;no
Software;1;0.0;0.0;379.0;36.0;20000.0;60.0;3.0;10.0;20.0;10294.0;7.0;1.0;1.0;no
Software;0;0.0;0.0;455.0;43.0;10000000.0;60.0;1.0;1.0;1.0;59.0;0.0;0.0;0.0;no
Software;1;0.0;0.0;194.0;17.0;11493.75;30.0;1.0;38.0;38.0;1724.0;7.0;0.0;0.0;no
Software;0;0.0;0.0;507.0;34.0;30000.0;15.0;3.0;5.0;60.0;1923.0;0.0;1.0;1.0;no
Software;0;0.0;0.0;54.0;46.0;15000.0;30.0;4.0;5.0;1000.0;2377.0;1.0;1.0;1.0;no
Software;0;0.0;0.0;494.0;59.0;8000.0;30.0;1.0;100.0;100.0;787.0;0.0;0.0;0.0;no
Software;0;6.0;0.0;544.0;60.0;15000.0;40.0;10.0;5.0;2500.0;5425.0;6.0;1.0;1.0;no
Software;0;0.0;0.0;541.0;9.0;35000.0;30.0;6.0;10.0;250.0;7389.0;0.0;1.0;1.0;no
Software;1;0.0;0.0;480.0;5.0;1000.0;10.0;4.0;10.0;100.0;2815.0;4.0;0.0;0.0;no
Software;0;0.0;2.0;251.0;34.0;634.46;30.0;2.0;8.0;60.0;711.0;0.0;0.0;0.0;no
Software;0;0.0;0.0;487.0;56.0;20000.0;30.0;3.0;1.0;200.0;2683.0;0.0;1.0;1.0;no
Software;0;0.0;0.0;502.0;11.0;35000.0;30.0;3.0;100.0;2500.0;10456.0;0.0;1.0;1.0;no
Software;1;0.0;2.0;507.0;20.0;195000.0;45.0;4.0;50.0;2500.0;5988.0;0.0;1.0;1.0;no
Software;0;0.0;0.0;146.0;18.0;2000.0;30.0;2.0;5.0;10.0;2319.0;0.0;1.0;1.0;no
Software;0;1.0;0.0;498.0;34.0;15000.0;30.0;4.0;10.0;250.0;2323.0;0.0;1.0;1.0;no
Software;0;0.0;0.0;297.0;55.0;719547.5;30.0;1.0;29.0;29.0;5821.0;0.0;1.0;1.0;no
Software;0;0.0;3.0;420.0;30.0;2000.0;28.0;3.0;10.0;5000.0;2315.0;0.0;1.0;1.0;no
Software;0;1.0;2.0;502.0;58.0;1697.75;30.0;3.0;1.12;112.0;3420.0;12.0;1.0;1.0;no
Software;0;0.0;0.0;537.0;15.0;7000.0;27.0;1.0;25.0;25.0;484.0;0.0;1.0;1.0;no
Software;0;0.0;0.0;248.0;20.0;750.0;30.0;3.0;5.0;99.0;2861.0;0.0;0.0;0.0;no
Software;1;3.0;0.0;601.0;10.0;47537.07;30.0;7.0;6.0;2777.0;7407.0;23.0;1.0;1.0;no
Software;1;0.0;0.0;498.0;34.0;83500.0;30.0;4.0;50.0;10000.0;20032.0;0.0;1.0;1.0;no
Software;0;0.0;0.0;488.0;60.0;766.25;30.0;5.0;151.0;151.0;1395.0;0.0;1.0;1.0;no
Software;1;0.0;0.0;55.0;20.0;28295.87;40.0;6.0;5.0;546.0;4362.0;11.0;1.0;1.0;no
Software;0;0.0;0.0;96.0;13.0;10000.0;60.0;1.0;100.0;100.0;2547.0;0.0;0.0;0.0;no
Software;1;0.0;0.0;53.0;9.0;143909.5;30.0;2.0;14.0;143.0;508.0;0.0;0.0;0.0;no
Software;0;1.0;0.0;502.0;12.0;9950.0;30.0;5.0;5.0;1800.0;5958.0;3.0;1.0;1.0;no
Software;0;0.0;0.0;491.0;38.0;20000.0;30.0;2.0;15.0;25.0;1165.0;0.0;0.0;0.0;no
Software;0;2.0;0.0;513.0;28.0;3831.25;60.0;2.0;0.71;708.0;852.0;0.0;1.0;1.0;no
Software;1;0.0;4.0;253.0;55.0;25000.0;30.0;14.0;1.0;5000.0;3738.0;0.0;0.0;0.0;no
